  2009      1      9      0     30      0     -46.14      23.44      -0.03       9.69 
  2009      1      9      1      0      0     -34.60      23.42      -1.16       3.41 
  2009      1      9      1     30      0     -15.07      23.42       2.44       3.57 
  2009      1      9      2      0      0       0.04      23.45       4.64       1.33 
  2009      1      9      2     30      0      15.81      23.43      -2.92       2.16 
  2009      1      9      3      0      0      29.76      23.39       0.29      -3.12 
  2009      1      9      3     30      0      45.15      23.34       1.16      -2.34 
  2009      1      9      4      0      0      52.75      23.30      -6.87      -6.23 
  2009      1      9      4     30      0      56.89      23.26       1.64      -6.46 
  2009      1      9      5      0      0      61.12      23.23     -11.31      -4.03 
  2009      1      9      5     30      0      59.58      23.20      12.41      -5.88 
  2009      1      9      6      0      0      52.08      23.17      -1.43      -1.01 
  2009      1      9      6     30      0      41.78      23.15      -2.55      -2.22 
  2009      1      9      7      0      0      26.20      23.12      -3.33      -3.50 
  2009      1      9      7     30      0      17.45      23.11       7.66      -1.87 
  2009      1      9      8      0      0       5.14      23.10       1.79      -3.37 
  2009      1      9      8     30      0      -9.49      23.10      -1.89     -11.33 
  2009      1      9      9      0      0     -18.63      23.11       3.51      -4.41 
  2009      1      9      9     30      0     -26.03      23.14      -1.31       4.32 
  2009      1      9     10      0      0     -29.69      23.12      -4.78       1.41 
  2009      1      9     10     30      0     -38.25      23.12       0.01       1.30 
  2009      1      9     11      0      0     -35.94      23.13      -5.28       6.93 
  2009      1      9     11     30      0     -32.48      23.12      -6.58       5.86 
  2009      1      9     12      0      0     -35.85      23.09      -0.53       2.38 
  2009      1      9     12     30      0     -27.67      23.06       3.14       3.43 
  2009      1      9     13      0      0     -21.80      23.02      -3.29      11.61 
  2009      1      9     13     30      0     -14.30      22.99      10.34      23.80 
  2009      1      9     14      0      0      -4.77      22.96      -5.34      39.37 
  2009      1      9     14     30      0       8.12      22.93      -8.55      50.77 
  2009      1      9     15      0      0      15.62      22.89      -4.69      41.78 
  2009      1      9     15     30      0      20.81      22.86     -19.12      50.77 
  2009      1      9     16      0      0      27.16      22.83      -4.60      40.74 
  2009      1      9     16     30      0      31.49      22.81      -7.24      43.56 
  2009      1      9     17      0      0      31.01      22.78     -19.54      50.24 
  2009      1      9     17     30      0      30.43      22.77     -18.11      50.77 
  2009      1      9     18      0      0      26.59      22.75     -11.61      37.80 
  2009      1      9     18     30      0      21.87      22.74       4.35      46.62 
  2009      1      9     19      0      0      18.51      22.74      -0.66      29.39 
  2009      1      9     19     30      0       1.77      22.73      -3.10      50.77 
  2009      1      9     20      0      0     -11.99      22.73       5.38      32.59 
  2009      1      9     20     30      0     -25.17      22.74      10.05      46.66 
  2009      1      9     21      0      0     -36.62      22.74       1.43      26.89 
  2009      1      9     21     30      0     -47.39      22.74      15.87      38.12 
  2009      1      9     22      0      0     -54.22      22.75      -4.15      28.95 
  2009      1      9     22     30      0     -62.01      22.75      17.09      15.10 
  2009      1      9     23      0      0     -61.53      22.75       6.58     -18.16 
  2009      1      9     23     30      0     -64.52      22.76     -16.44     -20.98 
  2009      1     10      0      0      0     -63.65      22.77      14.30     -22.59 
  2009      1     10      0     30      0     -54.41      22.79     -12.76     -21.01 
  2009      1     10      1      0      0     -41.43      22.81      -3.56     -23.22 
  2009      1     10      1     30      0     -29.30      22.83      -9.38     -26.98 
  2009      1     10      2      0      0     -13.91      22.83     -22.78     -13.30 
  2009      1     10      2     30      0       2.06      22.82       1.42       3.70 
  2009      1     10      3      0      0      19.85      22.80       3.75       6.48 
  2009      1     10      3     30      0      33.70      22.77       4.09       4.03 
  2009      1     10      4      0      0      53.90      22.74      -2.92     -14.66 
  2009      1     10      4     30      0      65.25      22.71      -3.61      -3.08 
  2009      1     10      5      0      0      78.05      22.69      -4.36      -6.29 
  2009      1     10      5     30      0      80.93      22.66     -12.13     -20.97 
  2009      1     10      6      0      0      82.47      22.65      -6.02      -9.66 
  2009      1     10      6     30      0      77.47      22.63      -9.82      -0.52 
  2009      1     10      7      0      0      64.87      22.61      -1.55      -3.65 
  2009      1     10      7     30      0      58.52      22.60      -2.62     -27.16 
  2009      1     10      8      0      0      41.02      22.58       2.61      -8.87 
  2009      1     10      8     30      0      29.76      22.57       4.62       0.57 
  2009      1     10      9      0      0      13.89      22.57     -13.66      -8.65 
  2009      1     10      9     30      0      -0.16      22.57      -2.58      -0.83 
  2009      1     10     10      0      0     -16.03      22.57      -1.02      -0.41 
  2009      1     10     10     30      0     -26.13      22.57       2.14       3.78 
  2009      1     10     11      0      0     -30.75      22.57      -4.21     -12.81 
  2009      1     10     11     30      0     -30.94      22.57       2.24     -28.76 
  2009      1     10     12      0      0     -34.02      22.58      -3.53     -15.02 
  2009      1     10     12     30      0     -32.77      22.59      -3.64      -0.61 
  2009      1     10     13      0      0     -23.24      22.59      -0.79      14.24 
  2009      1     10     13     30      0     -22.86      22.59      -9.91      24.25 
  2009      1     10     14      0      0     -13.14      22.60      -2.37      41.10 
  2009      1     10     14     30      0      -2.37      22.58     -24.96      39.10 
  2009      1     10     15      0      0       5.23      22.57     -31.86      24.66 
  2009      1     10     15     30      0      17.26      22.55      11.55      26.13 
  2009      1     10     16      0      0      23.99      22.54      -2.88      47.70 
  2009      1     10     16     30      0      24.76      22.53       5.71      -6.65 
  2009      1     10     17      0      0      29.57      22.51      -8.26      -0.10 
  2009      1     10     17     30      0      31.97      22.51       3.61      20.44 
  2009      1     10     18      0      0      29.95      22.50       3.55      41.66 
  2009      1     10     18     30      0      24.57      22.50      -2.06       9.09 
  2009      1     10     19      0      0      18.79      22.49      -3.59      38.24 
  2009      1     10     19     30      0       8.02      22.48      -7.91       6.51 
  2009      1     10     20      0      0      -7.27      22.48     -10.73      14.00 
  2009      1     10     20     30      0     -24.88      22.47      -9.87     -35.37 
  2009      1     10     21      0      0     -36.90      22.47     -21.69     -25.59 
  2009      1     10     21     30      0     -48.83      22.47     -36.23      20.07 
  2009      1     10     22      0      0     -62.78      22.47      -7.17       5.19 
  2009      1     10     22     30      0     -69.61      22.47      -5.44       6.00 
  2009      1     10     23      0      0     -77.22      22.47      -5.85      -0.74 
  2009      1     10     23     30      0     -81.74      22.47     -36.23      28.50 
  2009      1     11      0      0      0     -86.84      22.47      -7.37       9.96 
  2009      1     11      0     30      0     -88.18      22.46     -36.23      19.63 
  2009      1     11      1      0      0     -85.97      22.46     -36.23      11.91 
  2009      1     11      1     30      0     -75.77      22.45     -18.06      23.87 
  2009      1     11      2      0      0     -60.96      22.44      -1.64       7.53 
  2009      1     11      2     30      0     -47.49      22.41     -14.88      12.54 
  2009      1     11      3      0      0     -26.80      22.38      -3.51       4.41 
  2009      1     11      3     30      0      -6.60      22.35     -14.06       6.51 
  2009      1     11      4      0      0       9.85      22.30       6.16       2.38 
  2009      1     11      4     30      0      26.88      22.25     -26.21      12.28 
  2009      1     11      5      0      0      39.67      22.21     -17.87       1.52 
  2009      1     11      5     30      0      49.58      22.17       5.31      -0.87 
  2009      1     11      6      0      0      59.39      22.12      -1.39      -5.09 
  2009      1     11      6     30      0      59.39      22.08      -4.66       4.59 
  2009      1     11      7      0      0      62.56      22.05      -0.40       1.78 
  2009      1     11      7     30      0      51.21      22.02      -4.00       2.70 
  2009      1     11      8      0      0      49.77      21.99       3.70      -2.49 
  2009      1     11      8     30      0      35.15      21.96      -1.51      -3.20 
  2009      1     11      9      0      0      18.99      21.94      11.24       3.68 
  2009      1     11      9     30      0       2.73      21.93      -2.48       2.67 
  2009      1     11     10      0      0     -16.03      21.96       2.53       3.07 
  2009      1     11     10     30      0     -32.86      21.99       7.54      10.17 
  2009      1     11     11      0      0     -33.15      22.00       8.16       7.83 
  2009      1     11     11     30      0     -42.00      22.00      18.35      21.33 
  2009      1     11     12      0      0     -52.68      22.00      11.33      10.94 
  2009      1     11     12     30      0     -48.93      22.03      27.16      34.53 
  2009      1     11     13      0      0     -49.51      22.05      19.28      35.29 
  2009      1     11     13     30      0     -43.45      22.07      21.31      34.28 
  2009      1     11     14      0      0     -38.16      22.05      13.08      30.09 
  2009      1     11     14     30      0     -34.50      22.02      15.92      40.41 
  2009      1     11     15      0      0     -17.38      22.00      16.94      20.54 
  2009      1     11     15     30      0     -11.70      21.96      -4.85      47.76 
  2009      1     11     16      0      0       0.90      21.90      21.11      32.90 
  2009      1     11     16     30      0      15.43      21.86       3.03      20.53 
  2009      1     11     17      0      0      21.68      21.82       6.44      11.02 
  2009      1     11     17     30      0      19.56      21.74      -8.93      15.16 
  2009      1     11     18      0      0      20.53      21.67      -8.34      17.45 
  2009      1     11     18     30      0      18.70      21.61       1.96      27.97 
  2009      1     11     19      0      0      12.73      21.56       0.08       2.73 
  2009      1     11     19     30      0       7.54      21.54     -15.02      20.36 
  2009      1     11     20      0      0      -1.50      21.53     -20.78      11.13 
  2009      1     11     20     30      0     -13.14      21.54     -19.88      17.96 
  2009      1     11     21      0      0     -25.94      21.54      -0.51      -3.55 
  2009      1     11     21     30      0     -40.18      21.55       8.20      -2.94 
  2009      1     11     22      0      0     -53.45      21.58       2.34      -0.46 
  2009      1     11     22     30      0     -68.17      21.66       6.88       2.99 
  2009      1     11     23      0      0     -82.31      21.71      -7.95       2.07 
  2009      1     11     23     30      0     -90.49      21.72      -2.85       2.52 
  2009      1     12      0      0      0     -99.25      21.72      -7.75       1.83 
  2009      1     12      0     30      0    -102.42      21.72      -2.77       1.25 
  2009      1     12      1      0      0    -104.83      21.75      -5.38       3.97 
  2009      1     12      1     30      0     -98.77      21.78      27.16       3.00 
  2009      1     12      2      0      0     -93.19      21.87      18.09       4.61 
  2009      1     12      2     30      0     -76.25      21.98      -8.93      -0.05 
  2009      1     12      3      0      0     -69.81      22.07      27.16      22.79 
  2009      1     12      3     30      0     -47.01      22.04       9.54       6.01 
  2009      1     12      4      0      0     -27.67      21.96      -0.83       9.26 
  2009      1     12      4     30      0      -6.50      21.89       0.25       2.58 
  2009      1     12      5      0      0       7.44      21.84      -4.78       3.03 
  2009      1     12      5     30      0      17.54      21.82      -6.10       2.82 
  2009      1     12      6      0      0      34.76      21.79     -17.23     -16.88 
  2009      1     12      6     30      0      37.26      21.77      -8.46     -11.62 
  2009      1     12      7      0      0      43.42      21.77     -10.17      -1.52 
  2009      1     12      7     30      0      41.21      21.76      -2.73      -4.99 
  2009      1     12      8      0      0      45.73      21.75      -4.93       2.32 
  2009      1     12      8     30      0      32.36      21.74      -5.35      -0.65 
  2009      1     12      9      0      0      23.89      21.73      -0.44      -2.12 
  2009      1     12      9     30      0      11.20      21.72       2.21      -1.48 
  2009      1     12     10      0      0      -6.89      21.71       1.82       0.30 
  2009      1     12     10     30      0     -24.98      21.71       0.44      -4.57 
  2009      1     12     11      0      0     -32.58      21.71      -5.52       0.58 
  2009      1     12     11     30      0     -47.20      21.71       4.41       9.11 
  2009      1     12     12      0      0     -56.05      21.71       0.68       2.32 
  2009      1     12     12     30      0     -60.86      21.71      -3.80       4.61 
  2009      1     12     13      0      0     -63.94      21.71       2.68      50.48 
  2009      1     12     13     30      0     -54.41      21.71      -4.21      50.77 
  2009      1     12     14      0      0     -54.80      21.70     -17.51      50.77 
  2009      1     12     14     30      0     -51.53      21.69     -31.56      50.77 
  2009      1     12     15      0      0     -34.88      21.66     -10.58      50.77 
  2009      1     12     15     30      0     -20.55      21.63      22.52      50.77 
  2009      1     12     16      0      0      -7.85      21.58      17.19      48.47 
  2009      1     12     16     30      0       8.89      21.55       9.92      47.80 
  2009      1     12     17      0      0      11.00      21.51      11.09      46.76 
  2009      1     12     17     30      0      16.58      21.48     -34.94      36.03 
  2009      1     12     18      0      0      17.35      21.45       0.55       6.37 
  2009      1     12     18     30      0      17.74      21.44       9.96       7.37 
  2009      1     12     19      0      0      17.45      21.43       5.12       1.21 
  2009      1     12     19     30      0      12.25      21.42     -28.77      23.97 
  2009      1     12     20      0      0       5.81      21.42      -4.01      36.35 
  2009      1     12     20     30      0      -2.46      21.43     -21.11      30.08 
  2009      1     12     21      0      0      -7.37      21.46     -36.23      18.84 
  2009      1     12     21     30      0     -16.70      21.48     -22.93     -21.99 
  2009      1     12     22      0      0     -32.00      21.50     -27.70     -22.19 
  2009      1     12     22     30      0     -47.39      21.51     -26.58     -36.19 
  2009      1     12     23      0      0     -56.43      21.50      19.34     -13.97 
  2009      1     12     23     30      0     -71.44      21.52     -27.06     -14.71 
  2009      1     13      0      0      0     -83.18      21.57     -26.95     -25.66 
  2009      1     13      0     30      0     -89.05      21.64     -36.23     -49.51 
  2009      1     13      1      0      0     -93.28      21.70     -36.23     -49.51 
  2009      1     13      1     30      0     -93.09      21.72     -35.80     -39.27 
  2009      1     13      2      0      0     -90.11      21.72     -25.71     -45.55 
  2009      1     13      2     30      0     -85.49      21.70      -7.68     -17.56 
  2009      1     13      3      0      0     -71.64      21.70      -2.62      10.48 
  2009      1     13      3     30      0     -58.45      21.71       2.92       5.06 
  2009      1     13      4      0      0     -39.60      21.74      -3.77       1.06 
  2009      1     13      4     30      0     -19.01      21.74       4.93      -1.78 
  2009      1     13      5      0      0       1.96      21.75      -0.01       2.15 
  2009      1     13      5     30      0      16.58      21.74      15.40      -2.62 
  2009      1     13      6      0      0      28.99      21.71       8.88      -0.08 
  2009      1     13      6     30      0      42.36      21.67       7.31      -4.49 
  2009      1     13      7      0      0      44.57      21.65       2.41      -3.02 
  2009      1     13      7     30      0      49.67      21.63       1.71      -4.49 
  2009      1     13      8      0      0      48.42      21.62       0.22      -0.02 
  2009      1     13      8     30      0      51.21      21.61       0.58      -2.24 
  2009      1     13      9      0      0      48.90      21.60       1.83       2.68 
  2009      1     13      9     30      0      38.42      21.59       0.21      -1.32 
  2009      1     13     10      0      0      26.01      21.58      -3.88       3.72 
  2009      1     13     10     30      0      12.83      21.59       2.13      33.97 
  2009      1     13     11      0      0      -0.93      21.59      16.20      34.91 
  2009      1     13     11     30      0      -7.47      21.60      -2.81      18.17 
  2009      1     13     12      0      0     -19.01      21.62     -11.88      24.86 
  2009      1     13     12     30      0     -30.07      21.63       4.28      28.91 
  2009      1     13     13      0      0     -32.19      21.64       5.45      34.02 
  2009      1     13     13     30      0     -34.21      21.64      -0.44      19.78 
  2009      1     13     14      0      0     -34.40      21.62      -3.58      19.26 
  2009      1     13     14     30      0     -24.88      21.62      -0.88       6.98 
  2009      1     13     15      0      0     -17.18      21.63      -3.48      22.75 
  2009      1     13     15     30      0     -10.45      21.64       5.77      39.11 
  2009      1     13     16      0      0      11.29      21.65     -12.70      19.68 
  2009      1     13     16     30      0      24.66      21.67       4.61      26.77 
  2009      1     13     17      0      0      31.68      21.68      -9.75       5.44 
  2009      1     13     17     30      0      43.04      21.70      -3.13      23.76 
  2009      1     13     18      0      0      41.78      21.71      -2.14      16.50 
  2009      1     13     18     30      0      45.06      21.72      -4.44      -0.50 
  2009      1     13     19      0      0      44.67      21.73     -20.40      -7.70 
  2009      1     13     19     30      0      35.82      21.73     -15.00       3.22 
  2009      1     13     20      0      0      31.11      21.72     -20.37     -22.47 
  2009      1     13     20     30      0      26.20      21.73       1.56      -6.27 
  2009      1     13     21      0      0      20.24      21.73       2.85      -7.05 
  2009      1     13     21     30      0      11.48      21.74       7.19      -2.05 
  2009      1     13     22      0      0      10.33      21.76       3.18      -7.88 
  2009      1     13     22     30      0      -0.93      21.78      13.26      -9.85 
  2009      1     13     23      0      0     -18.34      21.81       8.68      -8.68 
  2009      1     13     23     30      0     -33.83      21.85       4.76      -7.78 
  2009      1     14      0      0      0     -42.10      21.88      27.16      35.11 
  2009      1     14      0     30      0     -25.07      21.91      27.16      35.13 
  2009      1     14      1      0      0     -46.81      21.98      25.39      31.93 
  2009      1     14      1     30      0     -89.24      22.15      21.99      37.68 
  2009      1     14      2      0      0     -83.28      22.27      -0.51      23.95 
  2009      1     14      2     30      0     -72.31      22.41       7.72      13.47 
  2009      1     14      3      0      0     -75.19      22.56       6.84      -2.52 
  2009      1     14      3     30      0     -60.19      22.79     -10.58      -7.19 
  2009      1     14      4      0      0     -42.68      23.04     -24.27      -0.53 
  2009      1     14      4     30      0     -18.72      23.25     -36.23      -7.82 
  2009      1     14      5      0      0       7.25      23.51     -36.23     -27.91 
  2009      1     14      5     30      0      16.39      23.75     -36.15     -32.51 
  2009      1     14      6      0      0      31.20      23.90     -32.67     -18.70 
  2009      1     14      6     30      0      30.82      24.01     -14.94     -12.40 
  2009      1     14      7      0      0      42.75      24.09      -3.53     -27.31 
  2009      1     14      7     30      0      45.73      24.14      -5.80       2.62 
  2009      1     14      8      0      0      37.84      24.20      -9.20      -2.32 
  2009      1     14      8     30      0      39.86      24.26       5.66      -3.32 
  2009      1     14      9      0      0      36.01      24.31      -4.41      -4.04 
  2009      1     14      9     30      0      39.28      24.32       8.04       1.20 
  2009      1     14     10      0      0      37.84      24.34      10.66      -0.76 
  2009      1     14     10     30      0      29.86      24.36      -3.01      -4.02 
  2009      1     14     11      0      0      17.26      24.36      11.41     -12.75 
  2009      1     14     11     30      0      -2.46      24.35      10.49     -10.75 
  2009      1     14     12      0      0      -9.01      24.34       7.89      -5.65 
  2009      1     14     12     30      0     -21.03      24.34       5.32      -7.56 
  2009      1     14     13      0      0     -24.01      24.35       1.02       6.02 
  2009      1     14     13     30      0     -30.94      24.35      -3.31      13.01 
  2009      1     14     14      0      0     -25.84      24.38      -2.17       4.30 
  2009      1     14     14     30      0     -21.99      24.43      -3.14      12.32 
  2009      1     14     15      0      0     -18.05      24.38      -9.64      28.14 
  2009      1     14     15     30      0     -14.87      24.17      -4.42      26.69 
  2009      1     14     16      0      0     -11.60      23.98     -10.24      -7.48 
  2009      1     14     16     30      0       8.98      23.83       0.43     -12.55 
  2009      1     14     17      0      0      25.53      23.74      12.60     -19.71 
  2009      1     14     17     30      0      39.28      23.74     -15.87      -2.10 
  2009      1     14     18      0      0      47.17      23.76     -14.14      -9.59 
  2009      1     14     18     30      0      43.61      23.78     -31.24     -29.99 
  2009      1     14     19      0      0      47.17      23.78     -16.42     -31.44 
  2009      1     14     19     30      0      48.61      23.75       0.54      -1.61 
  2009      1     14     20      0      0      42.46      23.70      -5.45     -18.27 
  2009      1     14     20     30      0      32.94      23.65       1.80      -1.00 
  2009      1     14     21      0      0      21.49      23.63      -5.56      -4.40 
  2009      1     14     21     30      0      13.89      23.63      -6.00     -49.51 
  2009      1     14     22      0      0      11.00      23.66      12.79     -25.25 
  2009      1     14     22     30      0       6.48      23.68      -9.78     -23.04 
  2009      1     14     23      0      0      -5.83      23.68      -2.12     -32.13 
  2009      1     14     23     30      0     -10.35      23.69     -33.81     -27.36 
  2009      1     15      0      0      0     -24.40      23.69      15.35     -44.92 
  2009      1     15      0     30      0     -32.38      23.70      27.16      27.85 
  2009      1     15      1      0      0     -49.41      23.69      10.16     -49.51 
  2009      1     15      1     30      0     -83.37      23.70     -25.83     -48.72 
  2009      1     15      2      0      0     -65.00      23.70     -29.19     -43.07 
  2009      1     15      2     30      0     -50.37      23.75     -25.26     -49.51 
  2009      1     15      3      0      0     -79.91      23.81      -6.46     -33.67 
  2009      1     15      3     30      0     -61.92      23.85     -11.07     -36.94 
  2009      1     15      4      0      0     -57.40      23.83      -2.07     -41.60 
  2009      1     15      4     30      0     -43.25      23.77      27.16       7.14 
  2009      1     15      5      0      0     -16.99      23.70      27.16       4.01 
  2009      1     15      5     30      0     -14.49      23.62      26.92      24.14 
  2009      1     15      6      0      0     -12.18      23.56      11.67     -29.15 
  2009      1     15      6     30      0       5.62      23.55      11.38     -37.25 
  2009      1     15      7      0      0       5.71      23.73      -7.39     -39.11 
  2009      1     15      7     30      0      13.99      24.02     -20.61     -42.41 
  2009      1     15      8      0      0      35.15      24.14     -25.33     -48.63 
  2009      1     15      8     30      0      20.72      23.91     -15.13     -44.51 
  2009      1     15      9      0      0      23.41      23.73     -28.02     -26.21 
  2009      1     15      9     30      0      20.33      23.60      -8.45     -43.43 
  2009      1     15     10      0      0      15.52      23.48      27.16     -10.19 
  2009      1     15     10     30      0       9.56      23.39       4.61      -6.87 
  2009      1     15     11      0      0       1.09      23.34     -18.88     -45.38 
  2009      1     15     11     30      0     -10.45      23.32       0.70     -24.42 
  2009      1     15     12      0      0     -13.72      23.31       8.25     -49.51 
  2009      1     15     12     30      0     -28.82      23.30      19.07     -49.51 
  2009      1     15     13      0      0     -31.04      23.30      17.99     -46.12 
  2009      1     15     13     30      0     -35.56      23.31      24.38     -19.49 
  2009      1     15     14      0      0     -43.54      23.35      -3.62      50.77 
  2009      1     15     14     30      0     -37.77      23.41      -5.72      33.39 
  2009      1     15     15      0      0     -33.92      23.49      -0.74       5.85 
  2009      1     15     15     30      0     -29.21      23.56       2.59       9.35 
  2009      1     15     16      0      0     -28.15      23.60     -24.92      27.79 
  2009      1     15     16     30      0      -8.14      23.56      -5.31       3.79 
  2009      1     15     17      0      0       6.10      23.50     -33.88      28.59 
  2009      1     15     17     30      0      21.87      23.42     -27.91      16.76 
  2009      1     15     18      0      0      34.67      23.35     -31.30      25.42 
  2009      1     15     18     30      0      30.15      23.29     -21.50       8.89 
  2009      1     15     19      0      0      43.42      23.23     -15.75       5.61 
  2009      1     15     19     30      0      37.07      23.18     -29.37     -23.41 
  2009      1     15     20      0      0      33.42      23.15     -36.23      16.17 
  2009      1     15     20     30      0      24.86      23.14     -36.23      15.25 
  2009      1     15     21      0      0      21.58      23.16     -36.23       9.56 
  2009      1     15     21     30      0      17.54      23.20       1.89      -3.87 
  2009      1     15     22      0      0      12.93      23.26      -0.97      -4.81 
  2009      1     15     22     30      0       3.88      23.32      -8.31      -8.00 
  2009      1     15     23      0      0      -0.35      23.36     -28.16     -46.43 
  2009      1     15     23     30      0     -10.35      23.39     -29.29     -42.57 
  2009      1     16      0      0      0     -17.66      23.43     -36.23     -35.68 
  2009      1     16      0     30      0     -22.95      23.48      -4.55      -0.22 
  2009      1     16      1      0      0     -31.42      23.52       1.28      -5.84 
  2009      1     16      1     30      0     -45.08      23.58      -3.85      -7.81 
  2009      1     16      2      0      0     -50.37      23.64     -19.81     -39.60 
  2009      1     16      2     30      0     -50.66      23.72      -5.17      -4.03 
  2009      1     16      3      0      0     -52.10      23.78       0.99      -0.57 
  2009      1     16      3     30      0     -52.97      23.83       1.00      -3.80 
  2009      1     16      4      0      0     -48.26      23.86     -15.30     -10.17 
  2009      1     16      4     30      0     -42.48      23.90     -19.48     -25.45 
  2009      1     16      5      0      0     -32.86      23.94       4.12       0.48 
  2009      1     16      5     30      0     -26.23      23.97       3.99       1.61 
  2009      1     16      6      0      0     -10.26      24.02       4.54       1.84 
  2009      1     16      6     30      0       8.21      24.05     -17.22      11.38 
  2009      1     16      7      0      0      14.08      24.06       2.89       3.00 
  2009      1     16      7     30      0      18.70      24.05      -7.27       7.85 
  2009      1     16      8      0      0      24.37      24.05       1.63       7.45 
  2009      1     16      8     30      0      29.76      24.04      27.16      36.77 
  2009      1     16      9      0      0      23.32      24.04      27.16      36.06 
  2009      1     16      9     30      0      24.66      24.05      24.20      30.06 
  2009      1     16     10      0      0      15.81      24.05       4.93      13.96 
  2009      1     16     10     30      0      17.74      23.98      17.47      22.16 
  2009      1     16     11      0      0       6.87      23.91      14.80       5.55 
  2009      1     16     11     30      0       2.63      23.89      18.37      19.39 
  2009      1     16     12      0      0      -1.79      23.89      10.74      26.02 
  2009      1     16     12     30      0      -8.52      23.89      18.51      43.61 
  2009      1     16     13      0      0     -24.59      23.89       0.84      30.75 
  2009      1     16     13     30      0     -25.07      23.91      -3.85      28.21 
  2009      1     16     14      0      0     -28.25      23.93      -9.01      33.25 
  2009      1     16     14     30      0     -31.04      23.94      -6.91      21.91 
  2009      1     16     15      0      0     -29.69      23.95     -13.50      26.47 
  2009      1     16     15     30      0     -34.79      23.97     -17.83      50.77 
  2009      1     16     16      0      0     -22.95      24.00     -17.73      50.77 
  2009      1     16     16     30      0     -14.01      24.05     -18.85      50.77 
  2009      1     16     17      0      0      -8.81      24.24      -8.48      19.12 
  2009      1     16     17     30      0       5.33      24.61      -9.73      43.85 
  2009      1     16     18      0      0      18.51      24.96     -17.98      22.61 
  2009      1     16     18     30      0      22.93      25.09     -36.23      20.19 
  2009      1     16     19      0      0      35.44      25.17     -36.23      21.91 
  2009      1     16     19     30      0      37.26      25.20     -20.50      -4.51 
  2009      1     16     20      0      0      39.57      25.25      -2.55      -9.98 
  2009      1     16     20     30      0      39.96      25.20     -33.72       0.18 
  2009      1     16     21      0      0      36.11      25.12      12.27       1.40 
  2009      1     16     21     30      0      28.90      25.06     -34.19     -20.29 
  2009      1     16     22      0      0      24.95      24.89     -35.19     -16.48 
  2009      1     16     22     30      0       9.18      24.77     -23.87      -3.93 
  2009      1     16     23      0      0       6.67      24.71     -15.51      -8.32 
  2009      1     16     23     30      0       3.02      24.69      -6.16      -5.83 
  2009      1     17      0      0      0      -3.04      24.73      -7.73     -15.31 
  2009      1     17      0     30      0      -8.33      24.79       2.80     -37.37 
  2009      1     17      1      0      0     -13.62      24.85      -1.38     -19.54 
  2009      1     17      1     30      0     -16.89      24.91     -20.31       3.55 
  2009      1     17      2      0      0     -23.44      24.99     -22.44      -9.07 
  2009      1     17      2     30      0     -32.09      25.08      -5.68      -1.43 
  2009      1     17      3      0      0     -34.98      25.20      -9.07      -8.52 
  2009      1     17      3     30      0     -36.90      25.31     -31.13     -23.58 
  2009      1     17      4      0      0     -39.21      25.43       6.89      -0.24 
  2009      1     17      4     30      0     -33.92      25.57       1.45      -0.38 
  2009      1     17      5      0      0     -27.67      25.68      16.62      -6.44 
  2009      1     17      5     30      0     -19.88      25.76      -8.14     -18.28 
  2009      1     17      6      0      0     -11.51      25.85     -25.71      -3.38 
  2009      1     17      6     30      0      -1.21      25.91      -7.98     -24.04 
  2009      1     17      7      0      0      11.20      25.94      -7.73      -8.09 
  2009      1     17      7     30      0      12.73      25.91       0.46       0.19 
  2009      1     17      8      0      0      15.14      25.66       0.78      -5.94 
  2009      1     17      8     30      0      18.22      25.53       4.82       1.41 
  2009      1     17      9      0      0      17.54      25.42       3.12       0.83 
  2009      1     17      9     30      0      14.08      25.29      -0.09       3.96 
  2009      1     17     10      0      0      10.62      25.19       4.03      -5.17 
  2009      1     17     10     30      0       5.71      25.11       1.02      -4.66 
  2009      1     17     11      0      0      -3.23      25.05       7.93      -4.67 
  2009      1     17     11     30      0       3.60      25.01       3.58       0.48 
  2009      1     17     12      0      0      -3.91      24.99      -0.27      -2.80 
  2009      1     17     12     30      0      -7.76      24.97      -1.52       0.03 
  2009      1     17     13      0      0     -14.30      24.94      -6.77      -2.73 
  2009      1     17     13     30      0     -13.62      24.92     -12.99      -7.08 
  2009      1     17     14      0      0     -21.99      24.89     -12.94       4.80 
  2009      1     17     14     30      0     -26.23      24.88       0.65      -4.81 
  2009      1     17     15      0      0     -28.15      24.87       0.23       3.44 
  2009      1     17     15     30      0     -29.30      24.85       3.07       4.15 
  2009      1     17     16      0      0     -25.07      24.83       0.83       3.03 
  2009      1     17     16     30      0     -20.55      24.84       0.34      14.37 
  2009      1     17     17      0      0     -13.62      24.84      -1.11       8.61 
  2009      1     17     17     30      0     -13.24      24.79     -16.41      -6.63 
  2009      1     17     18      0      0      -5.06      24.71     -36.23      -2.11 
  2009      1     17     18     30      0       5.14      24.69     -36.23      10.90 
  2009      1     17     19      0      0      13.02      24.79     -36.23      -4.21 
  2009      1     17     19     30      0      26.59      24.95       5.85       4.20 
  2009      1     17     20      0      0      14.37      25.08       3.83      10.28 
  2009      1     17     20     30      0      27.74      25.03       9.73       1.02 
  2009      1     17     21      0      0      23.70      24.77       4.28       4.10 
  2009      1     17     21     30      0      32.74      24.47      -6.26      -4.26 
  2009      1     17     22      0      0      22.07      24.20      -6.97      -3.57 
  2009      1     17     22     30      0       7.64      24.02      -5.00     -13.78 
  2009      1     17     23      0      0       2.92      23.90      -3.00      -3.80 
  2009      1     17     23     30      0      -0.54      23.85     -14.25     -14.92 
  2009      1     18      0      0      0      -0.93      23.88      -7.41     -19.82 
  2009      1     18      0     30      0      -3.43      23.95     -17.61     -24.48 
  2009      1     18      1      0      0      -6.60      24.04      -5.70     -33.69 
  2009      1     18      1     30      0     -15.36      24.22     -30.52     -28.29 
  2009      1     18      2      0      0     -16.32      24.37      -3.57      -8.78 
  2009      1     18      2     30      0     -17.18      24.53       5.77     -26.03 
  2009      1     18      3      0      0     -19.78      24.67      -6.14     -29.66 
  2009      1     18      3     30      0     -26.32      24.80      -0.83      -7.56 
  2009      1     18      4      0      0     -27.28      24.93       5.40      -8.28 
  2009      1     18      4     30      0     -24.40      25.06      27.16     -49.51 
  2009      1     18      5      0      0     -20.74      25.17      13.12     -35.14 
  2009      1     18      5     30      0     -17.47      25.24      15.17     -49.51 
  2009      1     18      6      0      0     -10.74      25.25      13.64     -45.50 
  2009      1     18      6     30      0      -8.62      25.21      27.16     -46.92 
  2009      1     18      7      0      0      -0.35      25.11      27.07     -25.09 
  2009      1     18      7     30      0       2.35      24.82      27.16     -43.92 
  2009      1     18      8      0      0       6.58      24.48      27.16       0.46 
  2009      1     18      8     30      0       5.81      24.26       2.25     -12.25 
  2009      1     18      9      0      0       7.92      24.14       5.42      -4.07 
  2009      1     18      9     30      0      11.97      24.00      27.16      -6.17 
  2009      1     18     10      0      0       1.48      23.84      27.16     -19.91 
  2009      1     18     10     30      0       3.02      23.70      27.16      -1.39 
  2009      1     18     11      0      0       7.92      23.59      21.87     -14.35 
  2009      1     18     11     30      0      -1.31      23.48      27.16     -26.09 
  2009      1     18     12      0      0       2.44      23.38      25.64     -30.09 
  2009      1     18     12     30      0      -3.81      23.29      27.16     -49.51 
  2009      1     18     13      0      0      -6.41      23.23      27.16     -44.25 
  2009      1     18     13     30      0     -12.95      23.19      27.16     -49.51 
  2009      1     18     14      0      0     -11.03      23.12      27.16     -46.86 
  2009      1     18     14     30      0     -11.41      23.07      27.16     -45.93 
  2009      1     18     15      0      0     -17.28      23.01      27.16     -49.34 
  2009      1     18     15     30      0     -26.32      22.96      17.78     -30.67 
  2009      1     18     16      0      0     -25.46      22.93      24.62     -20.90 
  2009      1     18     16     30      0     -27.48      22.91      17.49     -26.48 
  2009      1     18     17      0      0     -25.17      22.90       4.39     -17.53 
  2009      1     18     17     30      0     -20.93      22.97      -4.34      -6.07 
  2009      1     18     18      0      0     -17.57      23.13       2.07      -3.80 
  2009      1     18     18     30      0     -10.93      23.28      -4.68      10.51 
  2009      1     18     19      0      0      -5.54      23.37     -13.84      28.38 
  2009      1     18     19     30      0       2.92      23.37     -19.31      31.24 
  2009      1     18     20      0      0      10.04      23.28     -15.46      23.31 
  2009      1     18     20     30      0      13.02      23.14      -8.09       9.89 
  2009      1     18     21      0      0      16.87      23.04     -18.56       1.35 
  2009      1     18     21     30      0      15.24      22.97      -0.66      -1.56 
  2009      1     18     22      0      0      14.56      22.92      -5.83      -5.05 
  2009      1     18     22     30      0      12.25      22.89     -29.06     -32.45 
  2009      1     18     23      0      0       9.37      22.88     -36.23     -38.67 
  2009      1     18     23     30      0       8.79      22.90     -36.23     -28.53 
  2009      1     19      0      0      0       3.02      22.94     -36.23     -38.41 
  2009      1     19      0     30      0      -0.16      22.99     -35.42     -36.20 
  2009      1     19      1      0      0       2.54      23.06     -29.65     -49.51 
  2009      1     19      1     30      0       0.04      23.13     -28.87     -43.59 
  2009      1     19      2      0      0       0.23      23.21     -36.11     -35.30 
  2009      1     19      2     30      0      -7.37      23.27     -36.23     -30.57 
  2009      1     19      3      0      0     -11.22      23.33     -36.23     -30.81 
  2009      1     19      3     30      0     -12.85      23.39      -8.33     -17.82 
  2009      1     19      4      0      0     -14.10      23.43     -19.97     -36.00 
  2009      1     19      4     30      0     -18.05      23.47     -24.04     -39.80 
  2009      1     19      5      0      0      -9.29      23.51     -18.46     -37.87 
  2009      1     19      5     30      0     -12.76      23.59     -26.31     -37.92 
  2009      1     19      6      0      0      -9.20      23.66     -12.86     -34.64 
  2009      1     19      6     30      0     -14.59      23.73     -10.97     -40.13 
  2009      1     19      7      0      0      -7.76      23.79       4.41     -14.39 
  2009      1     19      7     30      0      -0.54      23.89      -9.28     -17.34 
  2009      1     19      8      0      0       0.23      23.90      -5.39     -15.77 
  2009      1     19      8     30      0      -4.68      23.90      -6.52     -22.05 
  2009      1     19      9      0      0      -1.89      23.90     -12.83     -39.26 
  2009      1     19      9     30      0      -3.33      23.89       3.43      -9.29 
  2009      1     19     10      0      0      -4.97      23.89      -1.42      -4.24 
  2009      1     19     10     30      0      -8.33      23.90       1.29     -30.43 
  2009      1     19     11      0      0      -7.56      23.91       4.18      -6.61 
  2009      1     19     11     30      0      -9.39      23.93       9.27     -16.53 
  2009      1     19     12      0      0     -10.45      23.95      26.84     -22.91 
  2009      1     19     12     30      0     -11.51      23.97      27.16     -30.04 
  2009      1     19     13      0      0     -10.35      23.98      20.78     -21.26 
  2009      1     19     13     30      0     -11.70      23.97      27.16     -34.86 
  2009      1     19     14      0      0     -10.64      23.94      13.01     -24.19 
  2009      1     19     14     30      0     -15.64      23.94       9.21     -14.51 
  2009      1     19     15      0      0     -12.08      23.85      13.24      -5.54 
  2009      1     19     15     30      0     -18.72      23.75       5.53      -0.35 
  2009      1     19     16      0      0     -22.57      23.65     -15.60       0.71 
  2009      1     19     16     30      0     -22.09      23.56     -27.77      23.08 
  2009      1     19     17      0      0     -28.73      23.58     -18.33      10.93 
  2009      1     19     17     30      0     -27.19      23.62     -19.30      24.56 
  2009      1     19     18      0      0     -30.17      23.70     -12.23      35.07 
  2009      1     19     18     30      0     -28.34      23.81      -9.09      35.05 
  2009      1     19     19      0      0     -24.78      23.91      -5.72       5.35 
  2009      1     19     19     30      0     -23.92      24.03      -4.87       7.52 
  2009      1     19     20      0      0     -22.09      24.13     -20.12      -1.98 
  2009      1     19     20     30      0     -14.87      24.12     -22.05       1.45 
  2009      1     19     21      0      0     -10.74      23.81     -13.16     -13.62 
  2009      1     19     21     30      0      -6.79      23.55      -9.08       0.86 
  2009      1     19     22      0      0       3.50      23.44     -26.40     -13.15 
  2009      1     19     22     30      0      -1.98      23.33     -10.00      -7.28 
  2009      1     19     23      0      0       3.40      23.21     -22.50     -17.18 
  2009      1     19     23     30      0       9.75      23.10     -19.70     -10.76 
  2009      1     20      0      0      0      13.70      23.01     -19.06     -18.49 
  2009      1     20      0     30      0      13.79      22.94      -8.34      -3.37 
  2009      1     20      1      0      0      14.56      22.89       1.76      -3.82 
  2009      1     20      1     30      0      13.02      22.86     -24.48     -15.50 
  2009      1     20      2      0      0       9.37      22.87     -15.74      -6.15 
  2009      1     20      2     30      0      11.68      22.90       0.67      -0.59 
  2009      1     20      3      0      0      14.08      22.94       3.62      -0.15 
  2009      1     20      3     30      0      13.79      22.99      -2.84      -4.71 
  2009      1     20      4      0      0      13.22      23.06     -13.50     -17.32 
  2009      1     20      4     30      0      12.35      23.15       1.41      -0.83 
  2009      1     20      5      0      0      13.99      23.27       3.67      -2.94 
  2009      1     20      5     30      0      10.91      23.37       2.37     -13.06 
  2009      1     20      6      0      0      13.22      23.49       1.70      -3.95 
  2009      1     20      6     30      0      16.39      23.60       7.93      -5.21 
  2009      1     20      7      0      0      14.75      23.68       4.35      -5.69 
  2009      1     20      7     30      0      18.22      23.76       9.45      -4.70 
  2009      1     20      8      0      0      18.79      23.85     -13.51     -28.76 
  2009      1     20      8     30      0      20.43      23.92       0.58      -6.78 
  2009      1     20      9      0      0      18.22      23.99       3.79      -4.83 
  2009      1     20      9     30      0      25.24      24.06      12.77      -4.12 
  2009      1     20     10      0      0      22.45      24.12      27.16      26.19 
  2009      1     20     10     30      0      31.40      24.18      27.16      29.43 
  2009      1     20     11      0      0      24.95      24.23      27.16      36.57 
  2009      1     20     11     30      0      28.32      24.29      24.25      33.42 
  2009      1     20     12      0      0      31.97      24.33      18.82      34.03 
  2009      1     20     12     30      0      37.94      24.37      20.09      21.28 
  2009      1     20     13      0      0      38.03      24.31      18.33      20.03 
  2009      1     20     13     30      0      42.65      24.27      12.56      19.63 
  2009      1     20     14      0      0      39.38      24.31      -2.03      29.59 
  2009      1     20     14     30      0      48.04      24.39       4.83      25.14 
  2009      1     20     15      0      0      50.06      24.49       2.96      15.11 
  2009      1     20     15     30      0      51.40      24.66       1.01      14.86 
  2009      1     20     16      0      0      47.84      24.92      -1.76      14.50 
  2009      1     20     16     30      0      50.15      25.09       8.75      19.71 
  2009      1     20     17      0      0      44.57      25.28       8.82      21.68 
  2009      1     20     17     30      0      39.76      25.47      11.40      28.12 
  2009      1     20     18      0      0      33.03      25.64       3.99      17.90 
  2009      1     20     18     30      0      29.57      25.80       3.12      27.79 
  2009      1     20     19      0      0      24.66      25.82       6.03      17.10 
  2009      1     20     19     30      0      25.34      26.01      11.58      28.73 
  2009      1     20     20      0      0      21.97      26.15      15.03      19.66 
  2009      1     20     20     30      0      25.43      26.19       6.22      33.47 
  2009      1     20     21      0      0      25.53      26.22       5.76      32.20 
  2009      1     20     21     30      0      37.74      26.28      -1.07      34.94 
  2009      1     20     22      0      0      38.80      26.29       4.64      23.23 
  2009      1     20     22     30      0      42.75      26.20       1.63      27.19 
  2009      1     20     23      0      0      49.86      26.26       7.42      27.81 
  2009      1     20     23     30      0      57.94      26.36      -1.10      12.07 
  2009      1     21      0      0      0      60.16      26.42       5.64      23.96 
  2009      1     21      0     30      0      68.33      26.48      -0.66      28.32 
  2009      1     21      1      0      0      70.55      26.49     -11.94      20.20 
  2009      1     21      1     30      0      72.66      26.53      -6.29      24.10 
  2009      1     21      2      0      0      73.82      26.54      -3.14      23.00 
  2009      1     21      2     30      0      72.66      26.54      -5.25      35.95 
  2009      1     21      3      0      0      69.78      26.54      -9.83      28.06 
  2009      1     21      3     30      0      69.29      26.55      -1.57      29.78 
  2009      1     21      4      0      0      64.49      26.55      -7.41      -1.16 
  2009      1     21      4     30      0      63.62      26.54      -1.16      13.55 
  2009      1     21      5      0      0      58.91      26.53      -6.42       4.42 
  2009      1     21      5     30      0      58.04      26.53      -1.21      10.19 
  2009      1     21      6      0      0      50.35      26.51      -6.45      13.57 
  2009      1     21      6     30      0      45.63      26.49      -7.30      18.08 
  2009      1     21      7      0      0      40.44      26.47      -8.73       6.39 
  2009      1     21      7     30      0      36.01      26.47     -18.99       9.37 
  2009      1     21      8      0      0      35.34      26.46      -4.42      10.40 
  2009      1     21      8     30      0      31.20      26.46       9.43      10.82 
  2009      1     21      9      0      0      28.13      26.45       4.32      -2.14 
  2009      1     21      9     30      0      26.97      26.43     -10.33       2.62 
  2009      1     21     10      0      0      24.95      26.41       1.90       3.57 
  2009      1     21     10     30      0      22.55      26.42       3.42       9.15 
  2009      1     21     11      0      0      16.97      26.42       2.85      25.52 
  2009      1     21     11     30      0      16.49      26.41       4.07      21.70 
  2009      1     21     12      0      0      19.56      26.39      -3.16      22.77 
  2009      1     21     12     30      0      24.28      26.37      -4.02      13.15 
  2009      1     21     13      0      0      28.90      26.36      -3.66      23.22 
  2009      1     21     13     30      0      29.66      26.36      -7.58      16.89 
  2009      1     21     14      0      0      33.22      26.36      -9.34      31.93 
  2009      1     21     14     30      0      37.55      26.35       6.23      17.40 
  2009      1     21     15      0      0      34.19      26.35       0.13      32.52 
  2009      1     21     15     30      0      35.92      26.35     -22.75      28.02 
  2009      1     21     16      0      0      33.99      26.34      -2.99      22.63 
  2009      1     21     16     30      0      34.19      26.35      -6.87      33.03 
  2009      1     21     17      0      0      24.37      26.36      -4.88      15.28 
  2009      1     21     17     30      0      21.01      26.36      -7.89      14.18 
  2009      1     21     18      0      0      11.48      26.37      -8.54      35.81 
  2009      1     21     18     30      0       2.25      26.38     -11.79      35.58 
  2009      1     21     19      0      0      -9.49      26.40     -12.41      37.91 
  2009      1     21     19     30      0     -16.12      26.40      -9.27      50.77 
  2009      1     21     20      0      0     -20.74      26.39     -11.36      47.61 
  2009      1     21     20     30      0     -24.21      26.40     -11.98      48.87 
  2009      1     21     21      0      0     -24.40      26.40     -17.66      50.77 
  2009      1     21     21     30      0     -18.24      26.41     -22.21      50.77 
  2009      1     21     22      0      0     -17.57      26.39     -14.65      50.77 
  2009      1     21     22     30      0     -18.82      26.40     -24.10      50.77 
  2009      1     21     23      0      0      -9.78      26.42     -12.25      50.77 
  2009      1     21     23     30      0       0.81      26.42      -0.94      46.11 
  2009      1     22      0      0      0       5.52      26.43     -10.69      40.33 
  2009      1     22      0     30      0      13.99      26.41       2.00      38.56 
  2009      1     22      1      0      0      21.10      26.40     -14.91      37.98 
  2009      1     22      1     30      0      27.55      26.39      -7.19      27.94 
  2009      1     22      2      0      0      35.72      26.39      -7.21      18.66 
  2009      1     22      2     30      0      41.11      26.39       0.28      20.39 
  2009      1     22      3      0      0      41.88      26.37      -0.56      16.06 
  2009      1     22      3     30      0      45.15      26.36       1.59      12.61 
  2009      1     22      4      0      0      47.08      26.35       3.82       7.37 
  2009      1     22      4     30      0      47.17      26.33      -5.89      10.56 
  2009      1     22      5      0      0      43.32      26.32      -9.04       4.76 
  2009      1     22      5     30      0      34.09      26.31     -18.40      16.72 
  2009      1     22      6      0      0      33.22      26.30     -25.52      12.98 
  2009      1     22      6     30      0      26.11      26.29       2.70      13.60 
  2009      1     22      7      0      0      19.37      26.28     -18.10      29.57 
  2009      1     22      7     30      0      14.18      26.27     -20.21      28.94 
  2009      1     22      8      0      0       8.60      26.25      11.63      31.55 
  2009      1     22      8     30      0       5.23      26.24      -9.51      31.54 
  2009      1     22      9      0      0       6.10      26.22       6.20      39.39 
  2009      1     22      9     30      0       3.40      26.21      19.74      48.85 
  2009      1     22     10      0      0       1.19      26.20      -4.79      46.82 
  2009      1     22     10     30      0      -1.12      26.14      -1.33      15.32 
  2009      1     22     11      0      0      -3.23      26.10      -4.30      19.72 
  2009      1     22     11     30      0      -1.12      26.07      -2.08      27.85 
  2009      1     22     12      0      0      -0.44      26.03      -5.95      28.87 
  2009      1     22     12     30      0       3.50      25.98      -2.64      38.30 
  2009      1     22     13      0      0       8.02      25.91     -16.21     -43.97 
  2009      1     22     13     30      0      17.26      25.84      -0.60     -34.54 
  2009      1     22     14      0      0      22.07      25.79       2.55     -18.60 
  2009      1     22     14     30      0      27.74      25.68      13.11      -9.48 
  2009      1     22     15      0      0      32.36      25.55     -13.76     -16.67 
  2009      1     22     15     30      0      33.90      25.46      22.22      34.97 
  2009      1     22     16      0      0      39.28      25.40       9.04      33.42 
  2009      1     22     16     30      0      35.15      25.36       0.21      45.92 
  2009      1     22     17      0      0      28.41      25.33       4.79      50.77 
  2009      1     22     17     30      0      26.88      25.31      17.01      37.72 
  2009      1     22     18      0      0      17.54      25.29       4.29      47.03 
  2009      1     22     18     30      0       3.88      25.27      -6.41      50.77 
  2009      1     22     19      0      0      -7.37      25.27     -11.06      50.77 
  2009      1     22     19     30      0     -18.43      25.28      -3.42      50.77 
  2009      1     22     20      0      0     -33.25      25.28     -30.44     -14.89 
  2009      1     22     20     30      0     -39.21      25.29     -21.44     -40.37 
  2009      1     22     21      0      0     -46.24      25.30      27.16     -13.62 
  2009      1     22     21     30      0     -46.81      25.31     -33.92     -35.38 
  2009      1     22     22      0      0     -46.91      25.33      -4.71     -49.51 
  2009      1     22     22     30      0     -47.68      25.38      -2.61     -49.51 
  2009      1     22     23      0      0     -36.90      25.40      -1.00     -37.83 
  2009      1     22     23     30      0     -31.13      25.44     -14.15     -37.86 
  2009      1     23      0      0      0     -19.59      25.46      -5.24     -21.21 
  2009      1     23      0     30      0     -10.16      25.47       5.11     -33.20 
  2009      1     23      1      0      0       1.96      25.43      19.20       5.06 
  2009      1     23      1     30      0      13.79      25.39     -11.99     -17.03 
  2009      1     23      2      0      0      28.03      25.36      -0.86      -2.40 
  2009      1     23      2     30      0      35.82      25.33      -9.18      -8.24 
  2009      1     23      3      0      0      41.11      25.31      -1.63      -6.91 
  2009      1     23      3     30      0      46.79      25.30       2.51       5.00 
  2009      1     23      4      0      0      52.37      25.28       6.12       6.46 
  2009      1     23      4     30      0      50.92      25.27       6.00      -4.70 
  2009      1     23      5      0      0      52.85      25.27      -2.23     -43.07 
  2009      1     23      5     30      0      44.86      25.26     -16.27     -47.02 
  2009      1     23      6      0      0      38.13      25.25     -20.67     -47.07 
  2009      1     23      6     30      0      31.97      25.25     -23.50     -40.88 
  2009      1     23      7      0      0      19.08      25.24     -27.38     -30.47 
  2009      1     23      7     30      0      12.06      25.24      -4.18      -9.67 
  2009      1     23      8      0      0       4.85      25.23     -18.14      -5.82 
  2009      1     23      8     30      0       1.96      25.23      -4.70      -9.45 
  2009      1     23      9      0      0      -0.16      25.22     -16.54     -23.94 
  2009      1     23      9     30      0      -7.56      25.22     -32.64     -22.79 
  2009      1     23     10      0      0      -8.04      25.22     -33.34     -29.33 
  2009      1     23     10     30      0     -12.08      25.22       6.54      -0.70 
  2009      1     23     11      0      0     -12.66      25.23      -8.90     -24.41 
  2009      1     23     11     30      0     -14.49      25.23      12.22     -16.63 
  2009      1     23     12      0      0     -11.60      25.23      11.13     -16.86 
  2009      1     23     12     30      0      -4.00      25.23      12.52      -7.77 
  2009      1     23     13      0      0       0.61      25.24       2.48       2.94 
  2009      1     23     13     30      0       7.35      25.25      -7.55     -19.77 
  2009      1     23     14      0      0      16.97      25.27      20.21      -8.12 
  2009      1     23     14     30      0      24.37      25.29      13.08       4.20 
  2009      1     23     15      0      0      32.55      25.30      21.57      40.85 
  2009      1     23     15     30      0      37.94      25.31      27.16      13.56 
  2009      1     23     16      0      0      41.98      25.31      20.35      17.17 
  2009      1     23     16     30      0      43.80      25.31       6.55      39.32 
  2009      1     23     17      0      0      37.94      25.31       2.28      38.67 
  2009      1     23     17     30      0      34.76      25.29      15.82      44.68 
  2009      1     23     18      0      0      28.80      25.27       7.40       7.84 
  2009      1     23     18     30      0      18.22      25.25      17.76      18.50 
  2009      1     23     19      0      0       3.02      25.23      27.16      18.97 
  2009      1     23     19     30      0     -14.30      25.21      27.16      37.04 
  2009      1     23     20      0      0     -27.86      25.20      17.21      50.77 
  2009      1     23     20     30      0     -37.96      25.20      19.22      50.77 
  2009      1     23     21      0      0     -52.78      25.20      16.01      50.77 
  2009      1     23     21     30      0     -57.40      25.20      27.16      36.63 
  2009      1     23     22      0      0     -57.88      25.20      27.16      36.86 
  2009      1     23     22     30      0     -61.53      25.20      -4.53      -6.68 
  2009      1     23     23      0      0     -60.19      25.21      26.12      -3.79 
  2009      1     23     23     30      0     -53.55      25.22      27.07      28.84 
  2009      1     24      0      0      0     -47.20      25.22      18.63       9.68 
  2009      1     24      0     30      0     -33.73      25.22     -25.49     -33.81 
  2009      1     24      1      0      0     -21.32      25.23     -19.39     -36.63 
  2009      1     24      1     30      0     -10.06      25.24       3.07     -13.75 
  2009      1     24      2      0      0       7.16      25.25     -16.82     -37.64 
  2009      1     24      2     30      0      20.72      25.26     -23.31     -40.80 
  2009      1     24      3      0      0      35.44      25.26      -4.62     -12.87 
  2009      1     24      3     30      0      41.69      25.26       3.42       0.09 
  2009      1     24      4      0      0      47.84      25.26     -17.01     -37.18 
  2009      1     24      4     30      0      49.19      25.25      -4.12     -11.16 
  2009      1     24      5      0      0      47.36      25.25      26.91      -7.35 
  2009      1     24      5     30      0      42.27      25.25       3.41     -25.26 
  2009      1     24      6      0      0      39.19      25.25     -12.77     -11.09 
  2009      1     24      6     30      0      31.78      25.25     -26.16     -22.00 
  2009      1     24      7      0      0      22.74      25.25       3.12      -4.24 
  2009      1     24      7     30      0      11.97      25.25     -25.35      -3.99 
  2009      1     24      8      0      0       3.21      25.25     -33.20      -0.04 
  2009      1     24      8     30      0      -7.85      25.25     -25.58      -7.42 
  2009      1     24      9      0      0     -13.33      25.26     -22.29       5.77 
  2009      1     24      9     30      0     -23.92      25.26       1.10      -7.00 
  2009      1     24     10      0      0     -29.69      25.26     -16.68     -42.55 
  2009      1     24     10     30      0     -33.25      25.26       1.41       0.25 
  2009      1     24     11      0      0     -35.65      25.26       1.51      -2.41 
  2009      1     24     11     30      0     -35.85      25.26       7.31      -3.95 
  2009      1     24     12      0      0     -35.94      25.26       6.95      -2.80 
  2009      1     24     12     30      0     -31.42      25.26      24.95      17.52 
  2009      1     24     13      0      0     -23.44      25.26      27.16      37.62 
  2009      1     24     13     30      0     -15.74      25.26      27.16      25.11 
  2009      1     24     14      0      0      -6.31      25.26       9.22      34.03 
  2009      1     24     14     30      0       3.02      25.25      26.55      33.59 
  2009      1     24     15      0      0      18.12      25.25      11.10      39.54 
  2009      1     24     15     30      0      27.07      25.24       1.26      38.80 
  2009      1     24     16      0      0      32.17      25.24       8.63      42.96 
  2009      1     24     16     30      0      37.65      25.23     -10.35      35.51 
  2009      1     24     17      0      0      39.19      25.23       2.02      33.17 
  2009      1     24     17     30      0      35.05      25.22       4.31      43.26 
  2009      1     24     18      0      0      29.47      25.20      12.82      26.21 
  2009      1     24     18     30      0      19.76      25.19       2.65      27.07 
  2009      1     24     19      0      0      13.89      25.18       8.44      24.76 
  2009      1     24     19     30      0      -3.33      25.18       9.17      22.69 
  2009      1     24     20      0      0     -18.34      25.19      -4.24      -4.73 
  2009      1     24     20     30      0     -36.52      25.19       6.47      -2.13 
  2009      1     24     21      0      0     -50.66      25.20     -25.28      -9.78 
  2009      1     24     21     30      0     -64.42      25.20     -13.28     -36.54 
  2009      1     24     22      0      0     -76.06      25.20     -23.93     -29.94 
  2009      1     24     22     30      0     -81.74      25.20      -7.07     -34.03 
  2009      1     24     23      0      0     -82.12      25.20     -10.66      16.51 
  2009      1     24     23     30      0     -80.29      25.21      -3.72     -46.05 
  2009      1     25      0      0      0     -76.73      25.21      -4.69     -29.50 
  2009      1     25      0     30      0     -68.56      25.21     -10.45     -49.51 
  2009      1     25      1      0      0     -51.53      25.21     -20.66     -49.51 
  2009      1     25      1     30      0     -37.87      25.19     -12.78     -49.51 
  2009      1     25      2      0      0     -19.11      25.18       5.79     -31.96 
  2009      1     25      2     30      0       0.61      25.17      -7.96     -40.64 
  2009      1     25      3      0      0      17.26      25.16      -2.37     -11.74 
  2009      1     25      3     30      0      28.03      25.14      -1.56     -15.08 
  2009      1     25      4      0      0      38.71      25.13      -4.14     -20.98 
  2009      1     25      4     30      0      44.48      25.11      -1.35      -1.19 
  2009      1     25      5      0      0      46.11      25.08      10.15      -8.84 
  2009      1     25      5     30      0      45.54      25.07      -1.38      -3.25 
  2009      1     25      6      0      0      44.19      25.05     -11.59      -3.61 
  2009      1     25      6     30      0      41.02      25.04      -8.57      -3.35 
  2009      1     25      7      0      0      28.90      25.04      21.29      -1.97 
  2009      1     25      7     30      0      17.06      25.05     -11.08       2.86 
  2009      1     25      8      0      0       5.14      25.05     -12.23     -13.78 
  2009      1     25      8     30      0      -4.87      25.06       8.02      -0.10 
  2009      1     25      9      0      0     -18.53      25.05     -22.59     -34.04 
  2009      1     25      9     30      0     -31.61      25.05     -12.39     -27.01 
  2009      1     25     10      0      0     -36.90      25.04      -6.89     -20.04 
  2009      1     25     10     30      0     -43.83      25.02       2.66     -16.18 
  2009      1     25     11      0      0     -46.72      24.99       6.95      -2.80 
  2009      1     25     11     30      0     -49.80      24.98       4.52      -7.99 
  2009      1     25     12      0      0     -45.56      24.97       0.00       0.00 
  2009      1     25     12     30      0     -43.16      24.94       9.77      -0.69 
  2009      1     25     13      0      0     -37.96      24.93     -13.86     -24.69 
  2009      1     25     13     30      0     -32.29      24.93      -8.61     -22.46 
  2009      1     25     14      0      0     -18.14      24.93      25.48      36.50 
  2009      1     25     14     30      0     -10.55      24.90     -12.31      41.94 
  2009      1     25     15      0      0       3.40      24.86     -17.28      44.90 
  2009      1     25     15     30      0      14.75      24.82      10.79      47.50 
  2009      1     25     16      0      0      23.80      24.78       0.35       2.08 
  2009      1     25     16     30      0      31.97      24.74     -36.23      -2.60 
  2009      1     25     17      0      0      28.90      24.71     -18.29       4.15 
  2009      1     25     17     30      0      31.59      24.68     -30.49      -0.35 
  2009      1     25     18      0      0      21.58      24.65     -27.04      28.22 
  2009      1     25     18     30      0      16.10      24.62     -28.65      21.53 
  2009      1     25     19      0      0       7.92      24.59     -23.54     -38.09 
  2009      1     25     19     30      0       2.83      24.57     -25.04      19.54 
  2009      1     25     20      0      0     -13.62      24.55     -32.23      41.87 
  2009      1     25     20     30      0     -28.25      24.54     -23.08      46.98 
  2009      1     25     21      0      0     -49.89      24.53       6.98      22.23 
  2009      1     25     21     30      0     -58.07      24.51      17.15     -25.64 
  2009      1     25     22      0      0     -72.21      24.50      -5.14     -48.67 
  2009      1     25     22     30      0     -86.84      24.49     -12.13     -13.75 
  2009      1     25     23      0      0     -96.36      24.49      -3.22     -41.42 
  2009      1     25     23     30      0     -94.73      24.48      -6.73      12.92 
  2009      1     26      0      0      0     -99.73      24.48      -5.82     -18.42 
  2009      1     26      0     30      0     -95.30      24.47      -3.44     -20.59 
  2009      1     26      1      0      0     -86.93      24.47     -12.40     -34.45 
  2009      1     26      1     30      0     -75.29      24.47       5.41     -29.95 
  2009      1     26      2      0      0     -59.13      24.45      -2.07     -12.49 
  2009      1     26      2     30      0     -44.41      24.42       7.32      10.18 
  2009      1     26      3      0      0     -22.09      24.38      -5.77     -16.68 
  2009      1     26      3     30      0      -3.14      24.31     -11.36     -34.36 
  2009      1     26      4      0      0      11.20      24.20      -5.00      -9.25 
  2009      1     26      4     30      0      25.05      24.07       5.12      -2.79 
  2009      1     26      5      0      0      34.76      23.95       0.24      -5.94 
  2009      1     26      5     30      0      39.19      23.83       4.66       0.48 
  2009      1     26      6      0      0      39.48      23.72     -33.42      10.12 
  2009      1     26      6     30      0      31.11      23.62     -33.19     -19.56 
  2009      1     26      7      0      0      28.51      23.54     -25.09     -31.06 
  2009      1     26      7     30      0      20.24      23.49      -1.65     -33.02 
  2009      1     26      8      0      0       3.11      23.43      -4.54     -35.48 
  2009      1     26      8     30      0      -8.04      23.39      -3.11     -14.20 
  2009      1     26      9      0      0     -19.20      23.35     -36.23     -14.16 
  2009      1     26      9     30      0     -34.40      23.31     -36.23      -1.97 
  2009      1     26     10      0      0     -44.50      23.28      -6.13      -3.77 
  2009      1     26     10     30      0     -53.84      23.25     -16.55     -46.05 
  2009      1     26     11      0      0     -61.34      23.21      -3.44     -25.12 
  2009      1     26     11     30      0     -58.65      23.19      -8.34     -30.87 
  2009      1     26     12      0      0     -58.84      23.15     -36.23      -9.44 
  2009      1     26     12     30      0     -59.99      23.09     -36.23       9.63 
  2009      1     26     13      0      0     -57.20      23.01      -7.01     -29.90 
  2009      1     26     13     30      0     -50.76      22.95       6.28      14.08 
  2009      1     26     14      0      0     -38.73      22.93       1.26       1.69 
  2009      1     26     14     30      0     -24.98      22.95     -14.03      23.78 
  2009      1     26     15      0      0     -13.33      22.88      -9.17      36.85 
  2009      1     26     15     30      0       0.42      22.81     -21.02      26.13 
  2009      1     26     16      0      0      13.89      22.76      -5.19      25.40 
  2009      1     26     16     30      0      22.26      22.70      -3.31      44.50 
  2009      1     26     17      0      0      26.59      22.62     -36.23      -1.97 
  2009      1     26     17     30      0      31.68      22.55     -36.23      10.41 
  2009      1     26     18      0      0      35.05      22.47     -36.23       8.02 
  2009      1     26     18     30      0      31.11      22.38     -36.23       9.52 
  2009      1     26     19      0      0      24.47      22.30     -34.47     -25.47 
  2009      1     26     19     30      0      12.54      22.23      -5.00      -8.17 
  2009      1     26     20      0      0       2.83      22.16     -12.99     -33.51 
  2009      1     26     20     30      0     -14.10      22.11      -9.48     -28.85 
  2009      1     26     21      0      0     -27.86      22.08      -3.26      -1.53 
  2009      1     26     21     30      0     -42.77      22.05       1.37       1.95 
  2009      1     26     22      0      0     -59.22      22.05      -4.09      -0.03 
  2009      1     26     22     30      0     -71.35      22.04      -1.69       0.18 
  2009      1     26     23      0      0     -82.89      22.05      -8.47      10.28 
  2009      1     26     23     30      0     -88.66      22.05       1.52      -0.57 
  2009      1     27      0      0      0     -90.59      22.05       3.47       0.22 
  2009      1     27      0     30      0     -93.76      22.06      -1.24       3.06 
  2009      1     27      1      0      0     -95.69      22.07     -12.27      -7.54 
  2009      1     27      1     30      0     -87.99      22.07      -5.24       7.37 
  2009      1     27      2      0      0     -76.73      22.06     -12.72      -9.89 
  2009      1     27      2     30      0     -62.98      22.00      -4.10       3.20 
  2009      1     27      3      0      0     -40.66      21.91       7.79     -29.96 
  2009      1     27      3     30      0     -17.47      21.81      20.39     -12.04 
  2009      1     27      4      0      0       4.08      21.74       1.47      -0.70 
  2009      1     27      4     30      0      22.26      21.66      16.73       0.50 
  2009      1     27      5      0      0      38.23      21.59     -13.49      -8.79 
  2009      1     27      5     30      0      46.50      21.52      -2.24      -2.20 
  2009      1     27      6      0      0      49.29      21.46       0.14      -3.29 
  2009      1     27      6     30      0      44.67      21.40       0.82      -2.04 
  2009      1     27      7      0      0      43.04      21.34      -1.11      -2.60 
  2009      1     27      7     30      0      33.61      21.28      20.67     -11.39 
  2009      1     27      8      0      0      24.37      21.23      -1.61       2.37 
  2009      1     27      8     30      0      10.52      21.19       2.64      -5.73 
  2009      1     27      9      0      0      -2.85      21.17      -5.12       4.40 
  2009      1     27      9     30      0     -15.55      21.18      -4.94       5.55 
  2009      1     27     10      0      0     -29.59      21.20      -0.12       1.89 
  2009      1     27     10     30      0     -38.73      21.21      -4.32       7.75 
  2009      1     27     11      0      0     -46.04      21.22      -7.37       4.36 
  2009      1     27     11     30      0     -50.85      21.22      -1.75       1.67 
  2009      1     27     12      0      0     -50.95      21.22       0.00      10.14 
  2009      1     27     12     30      0     -47.58      21.23      -1.43       1.15 
  2009      1     27     13      0      0     -43.16      21.21      18.22      19.23 
  2009      1     27     13     30      0     -42.20      21.19      15.22      33.33 
  2009      1     27     14      0      0     -36.23      21.16      17.20      50.77 
  2009      1     27     14     30      0     -23.92      21.12      10.82      40.50 
  2009      1     27     15      0      0     -11.31      21.09      27.16      50.77 
  2009      1     27     15     30      0       5.14      21.06      27.16      45.33 
  2009      1     27     16      0      0      18.60      21.05       5.00      13.78 
  2009      1     27     16     30      0      33.70      21.04       4.78      18.33 
  2009      1     27     17      0      0      39.00      21.03      -3.46      24.05 
  2009      1     27     17     30      0      44.00      21.02      -4.50      24.50 
  2009      1     27     18      0      0      49.29      20.98       5.30      35.47 
  2009      1     27     18     30      0      52.65      20.94       4.17       1.69 
  2009      1     27     19      0      0      43.90      20.89       1.08       0.00 
  2009      1     27     19     30      0      30.24      20.84      -8.15      -0.92 
  2009      1     27     20      0      0      23.80      20.81      -4.05      -0.13 
  2009      1     27     20     30      0      13.89      20.80      -0.68      -2.32 
  2009      1     27     21      0      0       6.58      20.79       7.11      -4.25 
  2009      1     27     21     30      0      -9.10      20.81       0.40      -6.85 
  2009      1     27     22      0      0     -21.80      20.83      -8.10       1.36 
  2009      1     27     22     30      0     -33.73      20.86     -10.20      -8.11 
  2009      1     27     23      0      0     -47.97      20.89      -7.02      -0.79 
  2009      1     27     23     30      0     -57.30      20.91      -8.32      -4.23 
  2009      1     28      0      0      0     -66.54      20.95      -8.25      -3.87 
  2009      1     28      0     30      0     -69.52      20.97     -12.21      -2.88 
  2009      1     28      1      0      0     -75.10      20.99     -13.41       1.16 
  2009      1     28      1     30      0     -73.56      21.01     -22.13     -12.50 
  2009      1     28      2      0      0     -68.94      21.03     -13.13      -5.41 
  2009      1     28      2     30      0     -54.61      21.05      -8.54     -16.50 
  2009      1     28      3      0      0     -37.39      21.11     -12.27       3.67 
  2009      1     28      3     30      0     -18.43      21.26      -8.43       9.11 
  2009      1     28      4      0      0       4.56      21.38      -4.25       4.65 
  2009      1     28      4     30      0      26.68      21.33      -8.77       6.49 
  2009      1     28      5      0      0      45.25      21.27       2.37      -2.39 
  2009      1     28      5     30      0      57.37      21.22      -0.18      -0.61 
  2009      1     28      6      0      0      67.27      21.20     -12.06     -13.39 
  2009      1     28      6     30      0      70.35      21.21      -3.43      -6.46 
  2009      1     28      7      0      0      70.26      21.22      -9.38     -15.76 
  2009      1     28      7     30      0      64.00      21.23      -9.30      -5.81 
  2009      1     28      8      0      0      57.18      21.25      -8.30     -11.76 
  2009      1     28      8     30      0      50.44      21.26       6.99      -1.81 
  2009      1     28      9      0      0      40.44      21.28       5.92     -14.11 
  2009      1     28      9     30      0      24.09      21.27       2.48      -2.67 
  2009      1     28     10      0      0      13.89      21.27       2.02       1.14 
  2009      1     28     10     30      0      -4.10      21.29      -4.00       2.70 
  2009      1     28     11      0      0     -12.85      21.31      -7.32       6.10 
  2009      1     28     11     30      0     -20.65      21.32       2.03       2.44 
  2009      1     28     12      0      0     -26.51      21.34      -7.27       7.85 
  2009      1     28     12     30      0     -26.71      21.36      -4.01       4.85 
  2009      1     28     13      0      0     -25.55      21.38       5.35       5.18 
  2009      1     28     13     30      0     -24.01      21.44      24.21      11.62 
  2009      1     28     14      0      0     -20.45      21.52      17.52       8.16 
  2009      1     28     14     30      0     -13.91      21.64      15.07      11.81 
  2009      1     28     15      0      0      -3.23      21.76       1.33       6.58 
  2009      1     28     15     30      0       7.64      21.86      -0.91      -0.69 
  2009      1     28     16      0      0      27.26      21.93      -8.21       6.17 
  2009      1     28     16     30      0      44.86      21.99     -28.57       3.45 
  2009      1     28     17      0      0      51.21      22.01     -26.03     -11.92 
  2009      1     28     17     30      0      59.77      22.04     -34.32      -5.56 
  2009      1     28     18      0      0      63.52      22.08     -36.23      -6.48 
  2009      1     28     18     30      0      65.45      22.14     -36.23       0.75 
  2009      1     28     19      0      0      64.10      22.19     -30.59      -9.45 
  2009      1     28     19     30      0      55.83      22.24     -21.63     -18.55 
  2009      1     28     20      0      0      50.73      22.27     -25.48     -20.22 
  2009      1     28     20     30      0      40.63      22.29     -29.53     -37.17 
  2009      1     28     21      0      0      28.51      22.30     -19.01     -49.51 
  2009      1     28     21     30      0      20.72      22.31     -25.71     -49.51 
  2009      1     28     22      0      0       6.96      22.31     -23.25     -49.51 
  2009      1     28     22     30      0     -12.95      22.31     -20.73     -49.51 
  2009      1     28     23      0      0     -22.09      22.31     -15.24     -45.85 
  2009      1     28     23     30      0     -36.04      22.32     -18.24     -41.34 
  2009      1     29      0      0      0     -46.91      22.34     -23.31     -19.99 
  2009      1     29      0     30      0     -55.66      22.36     -12.50     -15.51 
  2009      1     29      1      0      0     -65.29      22.39     -17.76      -9.44 
  2009      1     29      1     30      0     -71.44      22.43      -6.99     -29.14 
  2009      1     29      2      0      0     -70.58      22.48      -6.38      15.00 
  2009      1     29      2     30      0     -66.54      22.54      -8.59      18.86 
  2009      1     29      3      0      0     -56.24      22.59     -11.61      18.07 
  2009      1     29      3     30      0     -45.66      22.62       1.08      21.36 
  2009      1     29      4      0      0     -25.46      22.63      21.95      14.80 
  2009      1     29      4     30      0      -6.31      22.64     -13.18      -7.16 
  2009      1     29      5      0      0      18.12      22.65      -8.25      -4.95 
  2009      1     29      5     30      0      32.36      22.68     -34.44      -6.04 
  2009      1     29      6      0      0      42.94      22.74     -16.08     -10.38 
  2009      1     29      6     30      0      53.42      22.79     -21.81      -9.03 
  2009      1     29      7      0      0      55.73      22.84     -28.23      -4.61 
  2009      1     29      7     30      0      52.37      22.87      -2.94      -9.81 
  2009      1     29      8      0      0      47.75      22.88     -27.50      -5.07 
  2009      1     29      8     30      0      39.09      22.84      -4.79      -4.96 
  2009      1     29      9      0      0      30.24      22.78     -36.23     -33.76 
  2009      1     29      9     30      0      22.16      22.72     -21.46     -18.16 
  2009      1     29     10      0      0       6.67      22.69     -36.23     -23.63 
  2009      1     29     10     30      0     -10.26      22.67     -36.23     -24.31 
  2009      1     29     11      0      0     -19.11      22.66     -36.23     -13.98 
  2009      1     29     11     30      0     -32.86      22.66     -36.23     -32.60 
  2009      1     29     12      0      0     -39.60      22.65     -34.84     -13.86 
  2009      1     29     12     30      0     -44.41      22.65     -33.80      -4.70 
  2009      1     29     13      0      0     -45.66      22.65      -7.93       4.67 
  2009      1     29     13     30      0     -48.55      22.65      -4.86      10.44 
  2009      1     29     14      0      0     -44.22      22.65      -2.43       6.03 
  2009      1     29     14     30      0     -38.92      22.61      -8.40      29.07 
  2009      1     29     15      0      0     -34.60      22.56     -35.87      50.77 
  2009      1     29     15     30      0     -24.21      22.53     -36.23      46.56 
  2009      1     29     16      0      0     -12.18      22.51     -10.66       6.37 
  2009      1     29     16     30      0       3.88      22.51      -2.11       2.82 
  2009      1     29     17      0      0      20.53      22.51     -17.55      -0.62 
  2009      1     29     17     30      0      28.70      22.52      -4.84     -13.39 
  2009      1     29     18      0      0      35.44      22.53       9.42       4.99 
  2009      1     29     18     30      0      46.31      22.55     -24.01     -15.31 
  2009      1     29     19      0      0      42.84      22.55     -10.16      11.53 
  2009      1     29     19     30      0      43.80      22.55     -24.80       1.31 
  2009      1     29     20      0      0      37.94      22.56       3.24      -2.14 
  2009      1     29     20     30      0      32.45      22.56       1.32      -4.86 
  2009      1     29     21      0      0      19.95      22.57      -0.27      -2.27 
  2009      1     29     21     30      0      14.37      22.57       3.31      -5.78 
  2009      1     29     22      0      0       1.09      22.57       2.45      -3.65 
  2009      1     29     22     30      0      -6.99      22.56      -1.92       0.74 
  2009      1     29     23      0      0     -19.20      22.56     -31.09     -36.50 
  2009      1     29     23     30      0     -30.56      22.56     -19.05     -28.40 
  2009      1     30      0      0      0     -47.20      22.56     -29.12     -15.22 
  2009      1     30      0     30      0     -58.17      22.56     -26.65     -47.22 
  2009      1     30      1      0      0     -66.05      22.56     -25.72     -32.18 
  2009      1     30      1     30      0     -74.14      22.56     -23.60     -37.69 
  2009      1     30      2      0      0     -76.54      22.56      -8.47       5.75 
  2009      1     30      2     30      0     -77.12      22.57      -8.91       3.63 
  2009      1     30      3      0      0     -67.69      22.58      27.16     -23.13 
  2009      1     30      3     30      0     -66.82      22.59      22.30      -9.00 
  2009      1     30      4      0      0     -61.24      22.60       9.94      14.91 
  2009      1     30      4     30      0     -29.79      22.64      14.91      -0.88 
  2009      1     30      5      0      0     -13.33      22.70      -5.71     -13.63 
  2009      1     30      5     30      0       0.71      22.67       7.25      -1.39 
  2009      1     30      6      0      0      21.10      22.61     -24.24     -28.89 
  2009      1     30      6     30      0      32.84      22.57       0.90      -1.69 
  2009      1     30      7      0      0      43.04      22.56      -5.60     -24.05 
  2009      1     30      7     30      0      46.79      22.55      -5.24     -16.14 
  2009      1     30      8      0      0      38.71      22.54      -4.81      -9.71 
  2009      1     30      8     30      0      35.24      22.53      -5.02     -36.97 
  2009      1     30      9      0      0      29.09      22.51     -13.61     -42.39 
  2009      1     30      9     30      0      14.18      22.49      -7.07     -18.28 
  2009      1     30     10      0      0       8.41      22.48      -3.40     -32.43 
  2009      1     30     10     30      0      -2.46      22.47      16.93     -18.94 
  2009      1     30     11      0      0     -15.55      22.48     -20.53     -44.75 
  2009      1     30     11     30      0     -23.44      22.48      -7.85     -38.76 
  2009      1     30     12      0      0     -30.94      22.49       3.07       3.07 
  2009      1     30     12     30      0     -38.25      22.49       1.81       1.92 
  2009      1     30     13      0      0     -37.10      22.49      -0.25     -29.55 
  2009      1     30     13     30      0     -41.91      22.49       5.28      -2.40 
  2009      1     30     14      0      0     -48.35      22.49      27.16     -49.51 
  2009      1     30     14     30      0     -45.37      22.49      27.16     -49.51 
  2009      1     30     15      0      0     -38.54      22.50      18.46     -31.80 
  2009      1     30     15     30      0     -37.39      22.50       7.60      31.11 
  2009      1     30     16      0      0     -20.45      22.51      12.33      -1.16 
  2009      1     30     16     30      0      -7.76      22.51      23.88       9.76 
  2009      1     30     17      0      0       5.42      22.52      10.52      -8.69 
  2009      1     30     17     30      0      12.16      22.50       6.60       4.50 
  2009      1     30     18      0      0      23.51      22.44     -36.23      12.15 
  2009      1     30     18     30      0      35.82      22.39     -36.23      23.84 
  2009      1     30     19      0      0      40.05      22.36     -26.15      22.55 
  2009      1     30     19     30      0      35.72      22.33     -36.23      16.26 
  2009      1     30     20      0      0      39.28      22.29     -36.23      10.80 
  2009      1     30     20     30      0      33.90      22.26     -36.23       0.48 
  2009      1     30     21      0      0      43.13      22.23      22.03      35.97 
  2009      1     30     21     30      0      17.06      22.21      10.86       0.07 
  2009      1     30     22      0      0      18.31      22.20     -17.75     -39.09 
  2009      1     30     22     30      0      10.04      22.19     -36.23     -49.51 
  2009      1     30     23      0      0      -0.54      22.18     -33.29     -49.51 
  2009      1     30     23     30      0     -12.85      22.17     -26.39     -47.33 
  2009      1     31      0      0      0     -29.79      22.17       0.95     -48.26 
  2009      1     31      0     30      0     -43.06      22.16     -25.81     -49.51 
  2009      1     31      1      0      0     -55.57      22.15     -21.41     -49.51 
  2009      1     31      1     30      0     -56.72      22.15     -29.19     -49.51 
  2009      1     31      2      0      0     -71.64      22.16      -4.92     -49.51 
  2009      1     31      2     30      0     -74.33      22.17      -2.57     -49.51 
  2009      1     31      3      0      0     -75.39      22.20     -19.77     -48.76 
  2009      1     31      3     30      0     -70.58      22.22     -12.69     -49.51 
  2009      1     31      4      0      0     -66.44      22.24      -0.72     -43.86 
  2009      1     31      4     30      0     -53.26      22.24      -3.43     -45.71 
  2009      1     31      5      0      0     -36.42      22.25       1.37     -46.36 
  2009      1     31      5     30      0     -20.36      22.22      -1.07     -40.88 
  2009      1     31      6      0      0      -2.85      22.17     -10.29     -36.19 
  2009      1     31      6     30      0      13.89      22.15     -19.30     -46.19 
  2009      1     31      7      0      0      23.41      22.14       1.10     -17.67 
  2009      1     31      7     30      0      25.72      22.12       8.08     -43.22 
  2009      1     31      8      0      0      24.28      22.11       2.39     -21.14 
  2009      1     31      8     30      0      23.32      22.13       2.67     -49.51 
  2009      1     31      9      0      0      15.81      22.12      -3.65     -49.51 
  2009      1     31      9     30      0      11.97      22.07      -4.89     -49.51 
  2009      1     31     10      0      0       1.29      22.03      -2.88     -49.51 
  2009      1     31     10     30      0      -6.89      22.00     -24.15     -49.51 
  2009      1     31     11      0      0     -18.24      21.98     -14.04     -37.60 
  2009      1     31     11     30      0     -23.24      21.97      -1.69      -4.35 
  2009      1     31     12      0      0     -34.40      21.96      27.16      -3.42 
  2009      1     31     12     30      0     -38.06      21.95       4.46      -7.04 
  2009      1     31     13      0      0     -46.04      21.94       5.20      -6.74 
  2009      1     31     13     30      0     -44.79      21.91      11.99     -42.50 
  2009      1     31     14      0      0     -48.93      21.82      19.65     -29.16 
  2009      1     31     14     30      0     -46.52      21.71       8.82       1.40 
  2009      1     31     15      0      0     -43.06      21.58      27.16     -27.93 
  2009      1     31     15     30      0     -37.67      21.48      27.16     -35.43 
  2009      1     31     16      0      0     -33.34      21.44      19.61     -22.92 
  2009      1     31     16     30      0     -21.90      21.45      11.38     -15.89 
  2009      1     31     17      0      0     -11.12      21.53      16.31     -13.15 
  2009      1     31     17     30      0      -3.81      21.65       4.83      -0.21 
  2009      1     31     18      0      0       1.09      21.60      -9.60      26.43 
  2009      1     31     18     30      0      15.43      21.41       7.10      18.19 
  2009      1     31     19      0      0      15.52      21.24      -0.14       2.21 
  2009      1     31     19     30      0      18.31      21.09       0.84      -5.27 
  2009      1     31     20      0      0      19.95      20.95      -1.22      -0.71 
  2009      1     31     20     30      0      18.12      20.82      -1.03      -2.25 
  2009      1     31     21      0      0      18.03      20.69     -27.35      -5.98 
  2009      1     31     21     30      0      21.68      20.58     -20.83      36.34 
  2009      1     31     22      0      0      -7.18      20.47     -36.23      45.27 
  2009      1     31     22     30      0      15.14      20.41     -25.87     -43.02 
  2009      1     31     23      0      0       2.15      20.34     -28.09     -38.31 
  2009      1     31     23     30      0      -2.85      20.30     -21.79     -46.98 
  2009      2      1      0      0      0     -14.10      20.27     -36.23     -49.19 
  2009      2      1      0     30      0     -24.01      20.25     -34.89     -48.72 
  2009      2      1      1      0      0     -27.09      20.26     -25.24     -49.51 
  2009      2      1      1     30      0     -29.11      20.30      -8.28     -23.30 
  2009      2      1      2      0      0     -38.54      20.37     -11.15     -25.53 
  2009      2      1      2     30      0     -49.22      20.48       1.32      -5.40 
  2009      2      1      3      0      0     -55.86      20.59     -24.61     -30.11 
  2009      2      1      3     30      0     -62.30      20.68     -24.09     -31.41 
  2009      2      1      4      0      0     -61.63      20.75     -17.64     -20.39 
  2009      2      1      4     30      0     -59.13      20.82     -10.76      -1.65 
  2009      2      1      5      0      0     -47.39      20.91      -6.22       0.18 
  2009      2      1      5     30      0     -34.60      21.01      -5.16     -12.33 
  2009      2      1      6      0      0     -22.47      21.10       0.78       0.21 
  2009      2      1      6     30      0      -8.43      21.17      -0.39      -0.91 
  2009      2      1      7      0      0      -3.43      21.23       0.86      -0.52 
  2009      2      1      7     30      0       7.83      21.27      -3.73     -17.47 
  2009      2      1      8      0      0      12.45      21.28      -0.02      -6.37 
  2009      2      1      8     30      0      16.87      21.30      -6.52     -26.04 
  2009      2      1      9      0      0      19.28      21.29      -5.33     -22.32 
  2009      2      1      9     30      0      15.04      21.27     -27.61     -33.37 
  2009      2      1     10      0      0      13.41      21.25     -14.07     -39.12 
  2009      2      1     10     30      0       1.96      21.22     -13.67     -21.16 
  2009      2      1     11      0      0       0.90      21.21      11.53     -38.16 
  2009      2      1     11     30      0     -10.64      21.20      14.01     -18.39 
  2009      2      1     12      0      0     -17.86      21.20       4.76      -1.64 
  2009      2      1     12     30      0     -24.49      21.19      -2.80      -1.89 
  2009      2      1     13      0      0     -32.77      21.19      -8.66      32.63 
  2009      2      1     13     30      0     -35.56      21.20     -23.38      50.77 
  2009      2      1     14      0      0     -27.86      21.21      -4.65      50.77 
  2009      2      1     14     30      0     -38.92      21.21      -5.48      31.98 
  2009      2      1     15      0      0     -31.13      21.23      -3.70      50.77 
  2009      2      1     15     30      0     -30.84      21.24       8.47      50.77 
  2009      2      1     16      0      0     -23.72      21.25      13.67      25.15 
  2009      2      1     16     30      0     -17.57      21.27       2.39      28.25 
  2009      2      1     17      0      0     -15.74      21.28       1.62      29.88 
  2009      2      1     17     30      0     -10.06      21.30       5.97      24.20 
  2009      2      1     18      0      0       4.37      21.31       4.49      23.60 
  2009      2      1     18     30      0      13.99      21.31      -0.40      34.35 
  2009      2      1     19      0      0      20.33      21.31       8.35      43.39 
  2009      2      1     19     30      0      15.91      21.31       8.54      23.19 
  2009      2      1     20      0      0      23.41      21.29       9.53      24.45 
  2009      2      1     20     30      0      26.78      21.27       2.68      36.35 
  2009      2      1     21      0      0      26.20      21.26       4.20      19.49 
  2009      2      1     21     30      0      28.90      21.27       3.00      22.46 
  2009      2      1     22      0      0      22.84      21.29      15.33      18.92 
  2009      2      1     22     30      0      21.58      21.31      -0.15      32.94 
  2009      2      1     23      0      0      23.41      21.38       2.46      23.54 
  2009      2      1     23     30      0      16.87      21.49       2.58      17.11 
  2009      2      2      0      0      0      17.74      21.61      -3.48      22.75 
  2009      2      2      0     30      0      18.22      21.70      -2.35      19.43 
  2009      2      2      1      0      0      11.10      21.79       6.70      23.20 
  2009      2      2      1     30      0      10.52      21.83     -17.74      44.17 
  2009      2      2      2      0      0       1.00      21.82     -13.30      28.92 
  2009      2      2      2     30      0      -8.81      21.81     -19.51      41.08 
  2009      2      2      3      0      0      -7.66      21.81     -28.37      35.78 
  2009      2      2      3     30      0      -9.87      21.83      -8.74      30.98 
  2009      2      2      4      0      0     -12.66      21.86      10.83      30.58 
  2009      2      2      4     30      0     -17.66      21.91      -8.49       0.45 
  2009      2      2      5      0      0     -19.78      21.98     -36.23      21.27 
  2009      2      2      5     30      0     -15.93      22.03      -4.52      18.13 
  2009      2      2      6      0      0      -9.29      22.09     -22.73      42.37 
  2009      2      2      6     30      0      -1.41      22.15     -27.52      47.55 
  2009      2      2      7      0      0       7.64      22.22     -20.74      48.13 
  2009      2      2      7     30      0      17.06      22.33     -33.61      16.73 
  2009      2      2      8      0      0      23.12      22.52     -30.20      27.49 
  2009      2      2      8     30      0      31.11      22.80      -4.91       7.08 
  2009      2      2      9      0      0      34.86      23.09      -9.51      11.26 
  2009      2      2      9     30      0      36.01      23.34     -14.02      -4.80 
  2009      2      2     10      0      0      33.70      23.55      -5.54      -2.56 
  2009      2      2     10     30      0      31.11      23.72      -3.65      -3.52 
  2009      2      2     11      0      0      23.70      23.87       7.89      -6.19 
  2009      2      2     11     30      0      17.93      24.01       1.26      -0.46 
  2009      2      2     12      0      0      15.91      24.13      -5.70      37.60 
  2009      2      2     12     30      0       7.73      24.15     -31.46      22.88 
  2009      2      2     13      0      0       5.04      23.93     -12.69      43.95 
  2009      2      2     13     30      0       3.69      23.70      -7.87      42.44 
  2009      2      2     14      0      0       1.29      23.52     -14.82      49.77 
  2009      2      2     14     30      0       2.92      23.44      -8.89      40.41 
  2009      2      2     15      0      0       3.21      23.43       2.83      14.62 
  2009      2      2     15     30      0       3.79      23.46     -26.34      49.43 
  2009      2      2     16      0      0      10.14      23.52     -33.91      43.35 
  2009      2      2     16     30      0       9.66      23.60     -24.29      50.77 
  2009      2      2     17      0      0      10.62      23.67     -14.87      50.77 
  2009      2      2     17     30      0      15.91      23.75     -15.35      50.77 
  2009      2      2     18      0      0      16.77      23.87     -15.78      50.77 
  2009      2      2     18     30      0      23.41      24.02     -12.70      50.77 
  2009      2      2     19      0      0      27.36      24.17      -6.39      50.77 
  2009      2      2     19     30      0      31.01      24.31     -18.27      50.77 
  2009      2      2     20      0      0      32.55      24.44      -1.66      50.77 
  2009      2      2     20     30      0      38.61      24.57      -6.66      50.77 
  2009      2      2     21      0      0      40.34      24.65      15.91      43.10 
  2009      2      2     21     30      0      41.40      24.60     -13.40     -13.29 
  2009      2      2     22      0      0      43.32      24.51     -14.63       4.98 
  2009      2      2     22     30      0      43.61      24.46      -3.42       2.07 
  2009      2      2     23      0      0      41.21      24.40     -11.03     -26.35 
  2009      2      2     23     30      0      43.61      24.21     -18.98     -25.90 
  2009      2      3      0      0      0      45.34      24.09       8.62     -17.87 
  2009      2      3      0     30      0      48.23      24.02      -5.96     -27.97 
  2009      2      3      1      0      0      47.36      24.00     -10.81     -21.84 
  2009      2      3      1     30      0      45.73      23.99     -11.16     -17.23 
  2009      2      3      2      0      0      45.54      24.00      -1.66       1.16 
  2009      2      3      2     30      0      43.80      23.99      -5.92      -5.63 
  2009      2      3      3      0      0      39.00      24.03      -9.56      -7.31 
  2009      2      3      3     30      0      29.47      24.02     -10.75     -16.10 
  2009      2      3      4      0      0      27.74      24.06      -2.69      -0.55 
  2009      2      3      4     30      0      19.76      24.12     -17.70     -35.73 
  2009      2      3      5      0      0      15.33      24.17       2.93      -9.39 
  2009      2      3      5     30      0       9.46      24.24       0.77      -1.63 
  2009      2      3      6      0      0       8.21      24.34      -5.49      -0.82 
  2009      2      3      6     30      0       9.85      24.49      -4.99      -6.33 
  2009      2      3      7      0      0      14.75      24.65      -3.42     -14.76 
  2009      2      3      7     30      0      19.56      24.81      -9.08      -9.82 
  2009      2      3      8      0      0      18.41      24.94     -11.39      -4.38 
  2009      2      3      8     30      0      27.45      25.05      -7.13      -4.50 
  2009      2      3      9      0      0      27.74      25.16       3.12      -4.78 
  2009      2      3      9     30      0      27.55      25.26      -1.90      -9.72 
  2009      2      3     10      0      0      32.55      25.32       8.39      -4.48 
  2009      2      3     10     30      0      32.07      25.37      -2.92       1.62 
  2009      2      3     11      0      0      26.49      25.39       6.85      -0.68 
  2009      2      3     11     30      0      26.20      25.40       0.36      -1.69 
  2009      2      3     12      0      0      28.32      25.36       3.80       1.54 
  2009      2      3     12     30      0      18.79      25.08       6.42       0.12 
  2009      2      3     13      0      0      18.31      24.88       0.72       1.69 
  2009      2      3     13     30      0      19.18      24.78      -5.77      14.28 
  2009      2      3     14      0      0      16.58      24.72       0.73       4.61 
  2009      2      3     14     30      0      15.33      24.72     -15.34      17.42 
  2009      2      3     15      0      0      13.70      24.73     -17.11      24.47 
  2009      2      3     15     30      0      13.31      24.76     -18.85      21.83 
  2009      2      3     16      0      0       5.90      24.83     -15.09      40.82 
  2009      2      3     16     30      0      11.68      24.91      -9.90      12.50 
  2009      2      3     17      0      0       7.06      24.99     -36.23      30.02 
  2009      2      3     17     30      0       5.14      25.01     -36.23       3.73 
  2009      2      3     18      0      0      -0.16      25.08     -19.38      19.67 
  2009      2      3     18     30      0       7.83      25.09       7.80      11.67 
  2009      2      3     19      0      0       3.69      25.12     -11.15      23.32 
  2009      2      3     19     30      0       6.67      25.14       1.14       3.05 
  2009      2      3     20      0      0       1.86      25.15       1.52       5.04 
  2009      2      3     20     30      0       5.33      25.15      -7.25      -3.14 
  2009      2      3     21      0      0       4.85      25.15      -0.07      -0.89 
  2009      2      3     21     30      0       3.60      25.15       2.91      -3.46 
  2009      2      3     22      0      0       8.98      25.16     -10.86     -11.29 
  2009      2      3     22     30      0       8.41      25.16     -32.03     -21.89 
  2009      2      3     23      0      0      11.29      25.16     -36.23     -13.66 
  2009      2      3     23     30      0      20.43      25.15     -25.36     -23.73 
  2009      2      4      0      0      0      26.59      25.15     -24.71     -28.53 
  2009      2      4      0     30      0      28.13      25.14     -36.23     -32.60 
  2009      2      4      1      0      0      34.19      25.13     -20.52     -37.30 
  2009      2      4      1     30      0      33.13      25.11     -29.24      -2.11 
  2009      2      4      2      0      0      40.92      25.09      -2.16      -4.00 
  2009      2      4      2     30      0      38.51      25.06      -1.65     -22.35 
  2009      2      4      3      0      0      39.76      25.03      -5.80     -13.67 
  2009      2      4      3     30      0      35.15      25.02      -5.30     -49.51 
  2009      2      4      4      0      0      17.74      25.01      -3.26     -49.51 
  2009      2      4      4     30      0      11.48      25.00      -3.83     -49.51 
  2009      2      4      5      0      0      13.41      24.99      -9.37     -49.51 
  2009      2      4      5     30      0       1.29      24.91     -15.23     -41.85 
  2009      2      4      6      0      0      -1.31      24.83      -5.80     -46.78 
  2009      2      4      6     30      0     -13.05      24.81     -15.11     -40.29 
  2009      2      4      7      0      0      -4.00      24.84      -5.35     -48.43 
  2009      2      4      7     30      0     -13.05      24.92     -13.38     -34.96 
  2009      2      4      8      0      0     -11.70      24.98      -1.82      -5.91 
  2009      2      4      8     30      0     -12.47      24.88     -18.99     -35.50 
  2009      2      4      9      0      0      -8.72      24.68     -23.40     -40.84 
  2009      2      4      9     30      0     -15.74      24.55     -14.61     -38.04 
  2009      2      4     10      0      0     -16.32      24.33      -3.71      -0.96 
  2009      2      4     10     30      0     -19.97      24.14      -4.43      -2.11 
  2009      2      4     11      0      0     -11.60      24.09      -5.99      -3.07 
  2009      2      4     11     30      0     -10.26      24.18       3.08      15.59 
  2009      2      4     12      0      0      -9.78      24.00      11.20       4.85 
  2009      2      4     12     30      0      -8.91      23.79      -5.37       6.89 
  2009      2      4     13      0      0      -5.83      23.60       1.66      13.51 
  2009      2      4     13     30      0      -2.66      23.45      -1.38      -3.25 
  2009      2      4     14      0      0      -3.33      23.35      -2.89      -1.92 
  2009      2      4     14     30      0      -5.83      23.26      -8.67      -0.70 
  2009      2      4     15      0      0      -5.06      23.19      -6.04      -3.20 
  2009      2      4     15     30      0      -5.93      23.13       2.17      -5.38 
  2009      2      4     16      0      0     -13.33      23.09      27.16      -2.67 
  2009      2      4     16     30      0     -10.06      23.05     -36.23      13.01 
  2009      2      4     17      0      0     -12.85      23.03       6.62      34.60 
  2009      2      4     17     30      0     -15.36      23.02      14.15      21.57 
  2009      2      4     18      0      0     -24.78      23.01      -8.21       5.10 
  2009      2      4     18     30      0     -25.84      23.01     -21.86     -20.37 
  2009      2      4     19      0      0     -32.86      23.00     -17.18     -36.49 
  2009      2      4     19     30      0     -40.56      22.94     -11.27     -49.51 
  2009      2      4     20      0      0     -42.20      22.90     -34.57     -49.51 
  2009      2      4     20     30      0     -43.54      22.87     -36.23     -38.40 
  2009      2      4     21      0      0     -43.83      22.86     -29.05     -49.51 
  2009      2      4     21     30      0     -36.81      22.87     -24.68     -31.54 
  2009      2      4     22      0      0     -38.16      22.92      -3.77      -5.08 
  2009      2      4     22     30      0     -34.69      23.00     -14.48     -26.88 
  2009      2      4     23      0      0     -29.40      23.10      -0.29       2.04 
  2009      2      4     23     30      0     -27.67      23.14     -20.43     -35.65 
  2009      2      5      0      0      0     -11.41      22.94      27.16      13.94 
  2009      2      5      0     30      0     -10.64      22.79      27.16      27.53 
  2009      2      5      1      0      0       6.48      22.62     -10.41      -2.26 
  2009      2      5      1     30      0       6.77      22.47      -6.71       1.39 
  2009      2      5      2      0      0      18.41      22.34     -18.10      -6.99 
  2009      2      5      2     30      0      23.89      22.23       4.07       0.35 
  2009      2      5      3      0      0      37.17      22.14      -3.51     -11.88 
  2009      2      5      3     30      0      34.47      21.99      -2.09      -2.57 
  2009      2      5      4      0      0      39.76      21.82       3.78       2.39 
  2009      2      5      4     30      0      35.82      21.67      -5.06       2.38 
  2009      2      5      5      0      0      30.53      21.53      27.16      22.40 
  2009      2      5      5     30      0      22.16      21.41      27.16      25.70 
  2009      2      5      6      0      0      16.77      21.30      27.16      38.14 
  2009      2      5      6     30      0      11.29      21.22      27.16      34.74 
  2009      2      5      7      0      0      -1.89      21.17      27.16      39.72 
  2009      2      5      7     30      0      -3.23      21.15      27.16      37.24 
  2009      2      5      8      0      0     -13.62      21.16      25.36      39.47 
  2009      2      5      8     30      0     -18.72      21.26      27.16      35.48 
  2009      2      5      9      0      0     -17.09      21.35      13.49      41.36 
  2009      2      5      9     30      0     -20.55      21.45      22.23      41.88 
  2009      2      5     10      0      0     -16.70      21.54      27.16      37.47 
  2009      2      5     10     30      0     -14.20      21.59      24.58      49.94 
  2009      2      5     11      0      0     -12.95      21.66      27.16      48.55 
  2009      2      5     11     30      0      -6.02      21.79      27.01      50.77 
  2009      2      5     12      0      0       2.83      21.93      19.95      47.53 
  2009      2      5     12     30      0       0.90      22.10      19.64      48.81 
  2009      2      5     13      0      0      10.81      22.26      -5.64      50.77 
  2009      2      5     13     30      0      13.31      22.37       2.23      46.52 
  2009      2      5     14      0      0      21.39      22.33       2.33      44.41 
  2009      2      5     14     30      0      24.28      22.36      11.78      46.93 
  2009      2      5     15      0      0      28.03      22.47      20.26      37.95 
  2009      2      5     15     30      0      31.20      22.60      12.55      38.07 
  2009      2      5     16      0      0      28.99      22.75      -4.68      33.48 
  2009      2      5     16     30      0      29.38      22.88       4.33      37.34 
  2009      2      5     17      0      0      30.92      23.03      13.16      28.29 
  2009      2      5     17     30      0      21.78      23.23      13.35      41.96 
  2009      2      5     18      0      0      12.64      23.49      13.75      14.83 
  2009      2      5     18     30      0      12.16      23.79      26.14      18.33 
  2009      2      5     19      0      0       0.33      24.02      25.27      11.94 
  2009      2      5     19     30      0      -7.56      24.23      14.33      10.97 
  2009      2      5     20      0      0     -10.26      24.41      15.45       0.74 
  2009      2      5     20     30      0     -17.86      24.64      15.27      14.26 
  2009      2      5     21      0      0     -17.95      24.83      15.96      18.96 
  2009      2      5     21     30      0     -18.43      24.97      21.89      11.22 
  2009      2      5     22      0      0     -20.65      25.07      27.16      29.72 
  2009      2      5     22     30      0     -16.99      25.16      16.88      37.77 
  2009      2      5     23      0      0     -14.30      25.24      -7.63      15.68 
  2009      2      5     23     30      0     -11.22      25.33       3.89       3.73 
  2009      2      6      0      0      0      -1.89      25.42      -5.87       1.19 
  2009      2      6      0     30      0       6.58      25.49      -4.33      -0.24 
  2009      2      6      1      0      0      23.60      25.57     -23.80      -1.96 
  2009      2      6      1     30      0      35.15      25.64     -17.58      -5.59 
  2009      2      6      2      0      0      51.12      25.73      -7.72      -7.32 
  2009      2      6      2     30      0      64.39      25.80      -3.59       1.14 
  2009      2      6      3      0      0      69.78      25.87      -8.86       1.92 
  2009      2      6      3     30      0      82.66      25.93      -5.15      -4.88 
  2009      2      6      4      0      0      81.70      25.97      -4.40      -5.66 
  2009      2      6      4     30      0      80.93      25.99       0.34      -7.52 
  2009      2      6      5      0      0      76.41      26.02       3.70       4.73 
  2009      2      6      5     30      0      69.58      26.04      -2.88      -4.08 
  2009      2      6      6      0      0      63.72      26.06      -2.99      -4.88 
  2009      2      6      6     30      0      49.19      26.06      -0.50      -5.16 
  2009      2      6      7      0      0      38.32      26.08      -5.41      -8.77 
  2009      2      6      7     30      0      32.17      26.07      -6.81      -5.56 
  2009      2      6      8      0      0      19.28      26.07     -17.72      -3.92 
  2009      2      6      8     30      0       5.52      26.06      -9.87      -8.41 
  2009      2      6      9      0      0       0.04      26.07      -9.29      -7.96 
  2009      2      6      9     30      0      -8.62      26.06     -20.35     -26.24 
  2009      2      6     10      0      0     -17.86      26.07       0.86      -0.52 
  2009      2      6     10     30      0     -18.63      26.09      -1.74      -1.57 
  2009      2      6     11      0      0     -16.89      26.13     -11.64      -0.82 
  2009      2      6     11     30      0     -16.32      26.17      -4.62      -1.11 
  2009      2      6     12      0      0      -9.78      26.21      -7.51      34.07 
  2009      2      6     12     30      0      -4.20      26.24     -18.20      50.77 
  2009      2      6     13      0      0       2.35      26.26      -6.20      50.77 
  2009      2      6     13     30      0      10.81      26.29       0.63      39.30 
  2009      2      6     14      0      0      18.79      26.30      -2.64      34.31 
  2009      2      6     14     30      0      21.30      26.31      -9.16      29.09 
  2009      2      6     15      0      0      29.38      26.33      -7.73      26.86 
  2009      2      6     15     30      0      30.34      26.35      -7.54      30.93 
  2009      2      6     16      0      0      31.49      26.36     -15.25      32.13 
  2009      2      6     16     30      0      29.86      26.37      -8.04      32.99 
  2009      2      6     17      0      0      26.49      26.28      -6.88      23.43 
  2009      2      6     17     30      0      24.47      26.09      -4.81      36.45 
  2009      2      6     18      0      0      14.56      25.90     -13.30      28.38 
  2009      2      6     18     30      0       0.33      25.76      -0.87      -4.78 
  2009      2      6     19      0      0     -15.07      25.68      -9.41       4.07 
  2009      2      6     19     30      0     -19.88      25.69      16.43       1.78 
  2009      2      6     20      0      0     -36.81      25.72     -12.08      -2.40 
  2009      2      6     20     30      0     -42.87      25.74       2.50      -4.60 
  2009      2      6     21      0      0     -51.82      25.75     -34.85     -18.93 
  2009      2      6     21     30      0     -58.36      25.76      -7.16       3.58 
  2009      2      6     22      0      0     -63.26      25.79      -5.02     -24.14 
  2009      2      6     22     30      0     -70.10      25.77       6.92     -15.54 
  2009      2      6     23      0      0     -69.13      25.71      -3.95       4.98 
  2009      2      6     23     30      0     -65.57      25.65      -4.25     -23.39 
  2009      2      7      0      0      0     -58.26      25.61       0.36      -6.22 
  2009      2      7      0     30      0     -48.06      25.57     -10.39     -40.76 
  2009      2      7      1      0      0     -35.65      25.54     -13.20      -0.70 
  2009      2      7      1     30      0     -18.05      25.50     -22.16     -14.02 
  2009      2      7      2      0      0      -8.24      25.29       3.34     -10.41 
  2009      2      7      2     30      0       6.96      24.99       4.06      -4.72 
  2009      2      7      3      0      0      24.47      24.75     -16.39     -18.70 
  2009      2      7      3     30      0      38.51      24.53      -4.20      -4.82 
  2009      2      7      4      0      0      43.32      24.35       3.11      -2.09 
  2009      2      7      4     30      0      56.02      24.20      -5.59       0.76 
  2009      2      7      5      0      0      52.46      24.08      -3.85      -4.90 
  2009      2      7      5     30      0      57.37      23.99      -5.77      -0.39 
  2009      2      7      6      0      0      47.65      23.90      -2.78      -1.66 
  2009      2      7      6     30      0      37.74      23.82       2.62      -6.49 
  2009      2      7      7      0      0      28.90      23.82       1.58      -5.51 
  2009      2      7      7     30      0      12.16      23.86      -2.44      -3.57 
  2009      2      7      8      0      0      -3.62      23.92     -14.93     -42.06 
  2009      2      7      8     30      0     -12.57      24.05      -5.67       1.48 
  2009      2      7      9      0      0     -29.11      24.17       1.65      -9.15 
  2009      2      7      9     30      0     -37.77      24.34      -2.49      -0.25 
  2009      2      7     10      0      0     -46.81      24.53     -28.06      11.53 
  2009      2      7     10     30      0     -51.72      24.71      -4.88       4.61 
  2009      2      7     11      0      0     -59.32      24.83       0.28       4.10 
  2009      2      7     11     30      0     -54.61      24.96       3.74       4.10 
  2009      2      7     12      0      0     -53.84      25.08       5.00      -0.35 
  2009      2      7     12     30      0     -46.72      25.13      -0.43      17.62 
  2009      2      7     13      0      0     -39.02      25.09     -10.11      40.24 
  2009      2      7     13     30      0     -27.48      24.98      -4.42      27.23 
  2009      2      7     14      0      0     -16.12      24.72     -12.30      35.26 
  2009      2      7     14     30      0      -3.62      24.58      -4.80      23.62 
  2009      2      7     15      0      0       5.33      24.57      -2.14      17.58 
  2009      2      7     15     30      0      11.48      24.46       0.15      16.99 
  2009      2      7     16      0      0      13.70      24.16       4.14       9.76 
  2009      2      7     16     30      0      18.89      23.92       3.36      15.16 
  2009      2      7     17      0      0      21.58      23.72      -9.05      24.28 
  2009      2      7     17     30      0      20.24      23.56      -6.39       5.94 
  2009      2      7     18      0      0      11.20      23.36       6.76      16.64 
  2009      2      7     18     30      0       4.08      23.17      -7.95      12.21 
  2009      2      7     19      0      0     -10.45      23.00     -22.50       9.78 
  2009      2      7     19     30      0     -19.49      22.84     -36.23      25.88 
  2009      2      7     20      0      0     -32.96      22.72     -17.62      10.78 
  2009      2      7     20     30      0     -47.01      22.63       3.09      -7.38 
  2009      2      7     21      0      0     -58.17      22.56       2.35      -1.53 
  2009      2      7     21     30      0     -68.56      22.51      -5.48      -0.06 
  2009      2      7     22      0      0     -81.64      22.47      -7.65      -5.36 
  2009      2      7     22     30      0     -84.43      22.45      -6.64       3.36 
  2009      2      7     23      0      0     -91.65      22.42      -3.95       3.37 
  2009      2      7     23     30      0     -95.11      22.39      -1.24       4.14 
  2009      2      8      0      0      0     -94.92      22.44      -4.64       4.27 
  2009      2      8      0     30      0     -82.51      22.36      -2.30       9.43 
  2009      2      8      1      0      0     -68.46      22.25       1.89       0.66 
  2009      2      8      1     30      0     -49.70      22.23       5.95      -2.45 
  2009      2      8      2      0      0     -33.83      22.32       9.89       3.56 
  2009      2      8      2     30      0     -12.37      22.10       7.23      -7.22 
  2009      2      8      3      0      0      14.37      21.91      -0.74      -1.92 
  2009      2      8      3     30      0      27.16      21.75       0.12      -1.89 
  2009      2      8      4      0      0      37.55      21.60       4.97       1.58 
  2009      2      8      4     30      0      54.48      21.47       4.11       3.71 
  2009      2      8      5      0      0      62.95      21.36      -6.14      -1.08 
  2009      2      8      5     30      0      68.53      21.25       4.36       0.15 
  2009      2      8      6      0      0      69.01      21.16       0.44       1.04 
  2009      2      8      6     30      0      61.70      21.09      -4.42      -4.81 
  2009      2      8      7      0      0      53.23      21.03     -17.29     -14.86 
  2009      2      8      7     30      0      35.63      20.98     -23.65     -12.47 
  2009      2      8      8      0      0      24.37      20.96       4.55      -6.47 
  2009      2      8      8     30      0       7.73      20.95      -7.37      -0.17 
  2009      2      8      9      0      0      -6.02      20.94      -6.41       2.26 
  2009      2      8      9     30      0     -21.90      20.94      -8.85      -8.00 
  2009      2      8     10      0      0     -28.82      20.94      -3.55       6.65 
  2009      2      8     10     30      0     -40.46      20.95      -1.07      13.59 
  2009      2      8     11      0      0     -44.22      20.98      -2.67       3.67 
  2009      2      8     11     30      0     -46.14      21.01       0.64       8.02 
  2009      2      8     12      0      0     -42.97      21.06      15.66      14.63 
  2009      2      8     12     30      0     -39.02      21.11      -2.38      16.83 
  2009      2      8     13      0      0     -30.46      21.18       8.62      16.32 
  2009      2      8     13     30      0     -20.07      21.25       5.44      31.64 
  2009      2      8     14      0      0     -10.55      21.32       1.81      28.88 
  2009      2      8     14     30      0       5.52      21.36      -8.27      24.48 
  2009      2      8     15      0      0      20.53      21.39      11.29      38.00 
  2009      2      8     15     30      0      26.39      21.42       4.81      36.13 
  2009      2      8     16      0      0      34.09      21.45       2.00      27.88 
  2009      2      8     16     30      0      42.17      21.46      -3.53      32.76 
  2009      2      8     17      0      0      41.69      21.37      -0.96      46.42 
  2009      2      8     17     30      0      45.06      21.27       0.03      29.02 
  2009      2      8     18      0      0      44.38      21.21       5.18      14.93 
  2009      2      8     18     30      0      37.84      21.15       6.78       9.64 
  2009      2      8     19      0      0      31.88      21.10       1.48      12.35 
  2009      2      8     19     30      0      21.10      21.08      -2.84       4.35 
  2009      2      8     20      0      0       7.54      21.08       1.70      -2.33 
  2009      2      8     20     30      0      -8.62      21.10       1.09       0.77 
  2009      2      8     21      0      0     -27.28      21.14     -19.20     -22.96 
  2009      2      8     21     30      0     -40.37      21.17      -4.63     -18.70 
  2009      2      8     22      0      0     -49.41      21.19     -22.42     -24.59 
  2009      2      8     22     30      0     -62.21      21.22     -26.17     -29.99 
  2009      2      8     23      0      0     -71.15      21.27     -12.50     -21.66 
  2009      2      8     23     30      0     -71.92      21.31     -20.14     -24.64 
  2009      2      9      0      0      0     -69.61      21.37      -3.14       1.64 
  2009      2      9      0     30      0     -63.26      21.43      -2.71       5.91 
  2009      2      9      1      0      0     -61.34      21.49      -4.70       5.76 
  2009      2      9      1     30      0     -47.58      21.53     -11.88     -12.78 
  2009      2      9      2      0      0     -30.17      21.59      -6.88       2.61 
  2009      2      9      2     30      0      -9.29      21.70      -5.29       0.56 
  2009      2      9      3      0      0      11.20      21.83      -3.59       6.75 
  2009      2      9      3     30      0      33.42      21.89       2.26       8.03 
  2009      2      9      4      0      0      50.25      21.91       8.55      -3.02 
  2009      2      9      4     30      0      64.00      21.93     -14.87      -5.36 
  2009      2      9      5      0      0      80.36      21.93      -3.03      -4.78 
  2009      2      9      5     30      0      93.24      21.91      -0.76       0.02 
  2009      2      9      6      0      0      94.78      21.87      15.37      11.07 
  2009      2      9      6     30      0      99.59      21.84      14.47      14.91 
  2009      2      9      7      0      0      93.15      21.83       7.26      11.67 
  2009      2      9      7     30      0      87.47      21.81      12.10      12.22 
  2009      2      9      8      0      0      72.08      21.82      18.72      19.86 
  2009      2      9      8     30      0      62.08      21.85      23.53       4.22 
  2009      2      9      9      0      0      42.94      21.88       2.97     -25.76 
  2009      2      9      9     30      0      22.93      21.93       8.28     -10.35 
  2009      2      9     10      0      0       8.41      22.01       1.16      -2.34 
  2009      2      9     10     30      0      -5.35      22.09      -0.02       1.39 
  2009      2      9     11      0      0     -11.70      22.19      -4.24       5.95 
  2009      2      9     11     30      0     -14.39      22.34      -6.01       3.40 
  2009      2      9     12      0      0     -14.01      22.54     -13.97       0.94 
  2009      2      9     12     30      0     -14.97      22.78      -6.97       6.57 
  2009      2      9     13      0      0      -6.70      23.05     -10.43      30.62 
  2009      2      9     13     30      0       0.13      23.35      -5.14      37.83 
  2009      2      9     14      0      0      14.37      23.63      -6.06      50.77 
  2009      2      9     14     30      0      24.47      23.86      -0.24      48.11 
  2009      2      9     15      0      0      38.80      24.05      12.71      50.77 
  2009      2      9     15     30      0      55.73      24.20      -4.41      50.77 
  2009      2      9     16      0      0      67.08      24.25       0.51      50.77 
  2009      2      9     16     30      0      75.93      24.29       2.87      46.03 
  2009      2      9     17      0      0      81.80      24.34      -4.18      38.11 
  2009      2      9     17     30      0      78.91      24.37       8.82      37.97 
  2009      2      9     18      0      0      75.16      24.40      12.61      20.30 
  2009      2      9     18     30      0      73.82      24.38       8.65      21.29 
  2009      2      9     19      0      0      65.45      24.46      -3.48      22.22 
  2009      2      9     19     30      0      56.31      24.55       0.62      24.63 
  2009      2      9     20      0      0      44.96      24.40       3.84      22.26 
  2009      2      9     20     30      0      31.88      24.28      -2.16      24.58 
  2009      2      9     21      0      0      11.68      24.27      -5.32      28.37 
  2009      2      9     21     30      0      -3.91      24.33      -2.02      41.03 
  2009      2      9     22      0      0     -15.45      24.48       3.66      10.97 
  2009      2      9     22     30      0     -33.25      24.69      14.19      25.47 
  2009      2      9     23      0      0     -43.93      24.79     -12.61      43.76 
  2009      2      9     23     30      0     -55.38      24.86       3.45      50.77 
  2009      2     10      0      0      0     -62.21      24.92     -22.77     -15.99 
  2009      2     10      0     30      0     -61.82      24.99      -3.11       2.09 
  2009      2     10      1      0      0     -58.36      25.13     -15.54      -4.77 
  2009      2     10      1     30      0     -58.07      25.36     -23.19       2.93 
  2009      2     10      2      0      0     -46.72      25.80     -28.90     -10.16 
  2009      2     10      2     30      0     -31.90      26.28     -25.12     -10.69 
  2009      2     10      3      0      0      -9.68      26.64     -27.05       3.42 
  2009      2     10      3     30      0       8.31      26.85      -1.98      -1.23 
  2009      2     10      4      0      0      33.99      26.83      -7.18       9.50 
  2009      2     10      4     30      0      50.35      26.74     -13.43      -8.66 
  2009      2     10      5      0      0      63.81      26.68      -0.49      -7.32 
  2009      2     10      5     30      0      79.01      26.48      -1.13      -1.21 
  2009      2     10      6      0      0      84.78      26.19      -3.56      -1.87 
  2009      2     10      6     30      0      87.67      25.91      -1.48      -2.75 
  2009      2     10      7      0      0      84.88      25.62      -8.61      -7.25 
  2009      2     10      7     30      0      81.61      25.44     -10.40      -3.88 
  2009      2     10      8      0      0      78.53      25.35     -13.06     -14.66 
  2009      2     10      8     30      0      65.06      25.29     -14.11     -21.13 
  2009      2     10      9      0      0      45.54      25.27     -20.24     -32.12 
  2009      2     10      9     30      0      29.09      25.30       1.99     -11.06 
  2009      2     10     10      0      0      14.85      25.31     -11.77     -10.90 
  2009      2     10     10     30      0      -2.08      25.41      -8.60      -5.95 
  2009      2     10     11      0      0     -22.09      25.60     -12.30      -9.07 
  2009      2     10     11     30      0     -26.80      25.74      -8.36       6.01 
  2009      2     10     12      0      0     -31.32      25.84      -7.74       8.74 
  2009      2     10     12     30      0     -33.63      25.95       7.07      22.27 
  2009      2     10     13      0      0     -26.90      25.98       3.15      28.24 
  2009      2     10     13     30      0     -25.84      26.11      -7.14      50.77 
  2009      2     10     14      0      0     -14.20      26.31     -15.25      48.95 
  2009      2     10     14     30      0      -2.66      26.35     -10.86      47.70 
  2009      2     10     15      0      0      15.52      26.27      -4.71      42.10 
  2009      2     10     15     30      0      33.13      26.20      15.14      41.82 
  2009      2     10     16      0      0      43.13      26.14       1.69      31.85 
  2009      2     10     16     30      0      58.52      26.10       6.71      24.50 
  2009      2     10     17      0      0      65.35      26.15      10.50      18.59 
  2009      2     10     17     30      0      71.12      26.19      -7.26      14.76 
  2009      2     10     18      0      0      68.33      26.20       2.91      17.89 
  2009      2     10     18     30      0      59.68      26.24      -1.93      16.80 
  2009      2     10     19      0      0      55.83      26.30       0.32      13.61 
  2009      2     10     19     30      0      47.46      26.40       3.54      16.85 
  2009      2     10     20      0      0      34.19      26.53       7.14      -1.65 
  2009      2     10     20     30      0      29.47      26.64       3.88      -9.87 
  2009      2     10     21      0      0      16.49      26.63      -2.49      -5.86 
  2009      2     10     21     30      0       1.86      26.58      -6.71      -2.60 
  2009      2     10     22      0      0     -12.76      26.55      -0.10      -4.03 
  2009      2     10     22     30      0     -34.79      26.53       1.77      -3.06 
  2009      2     10     23      0      0     -48.06      26.53      -1.22       9.97 
  2009      2     10     23     30      0     -55.95      26.53     -15.52     -34.74 
  2009      2     11      0      0      0     -69.33      26.54       2.70     -12.82 
  2009      2     11      0     30      0     -73.56      26.58     -17.11     -31.07 
  2009      2     11      1      0      0     -77.79      26.62     -22.29     -20.11 
  2009      2     11      1     30      0     -80.87      26.65      -7.79       2.46 
  2009      2     11      2      0      0     -74.04      26.60     -10.18     -37.01 
  2009      2     11      2     30      0     -62.30      26.55      -1.01     -14.32 
  2009      2     11      3      0      0     -46.62      26.54       0.75       2.68 
  2009      2     11      3     30      0     -26.90      26.53       1.94      -7.20 
  2009      2     11      4      0      0      -9.10      26.41      -6.78      -0.04 
  2009      2     11      4     30      0       7.54      26.12      -2.37      -7.21 
  2009      2     11      5      0      0      20.81      25.92       1.40      -6.12 
  2009      2     11      5     30      0      33.99      25.74     -17.86     -16.92 
  2009      2     11      6      0      0      41.78      25.55      -9.47     -22.48 
  2009      2     11      6     30      0      54.29      25.36      -3.57     -13.85 
  2009      2     11      7      0      0      51.60      25.20      -2.58     -17.11 
  2009      2     11      7     30      0      49.67      25.07      -2.39     -11.43 
  2009      2     11      8      0      0      48.52      24.99     -21.05     -28.78 
  2009      2     11      8     30      0      39.38      25.00       0.98     -10.71 
  2009      2     11      9      0      0      35.53      24.93       6.93     -17.15 
  2009      2     11      9     30      0      18.41      24.84      -2.57      -9.13 
  2009      2     11     10      0      0      -0.16      24.78     -23.80     -17.71 
  2009      2     11     10     30      0     -21.32      24.75       6.98     -14.87 
  2009      2     11     11      0      0     -30.07      24.74      10.69      -4.85 
  2009      2     11     11     30      0     -45.95      24.74      -6.94       4.10 
  2009      2     11     12      0      0     -45.95      24.74      -8.84       5.06 
  2009      2     11     12     30      0     -60.67      24.74      -2.82      11.26 
  2009      2     11     13      0      0     -58.17      24.73      -1.85       8.85 
  2009      2     11     13     30      0     -54.03      24.70      -1.98      29.72 
  2009      2     11     14      0      0     -52.01      24.70     -31.19      29.14 
  2009      2     11     14     30      0     -40.56      24.69     -16.32      20.91 
  2009      2     11     15      0      0     -29.21      24.65     -17.61     -19.95 
  2009      2     11     15     30      0     -11.31      24.49     -23.30      -5.86 
  2009      2     11     16      0      0      12.83      24.32     -36.23      -5.11 
  2009      2     11     16     30      0      23.60      24.17     -36.23     -25.44 
  2009      2     11     17      0      0      41.78      24.03     -26.83     -21.95 
  2009      2     11     17     30      0      50.44      23.97     -26.03     -22.06 
  2009      2     11     18      0      0      50.25      23.85     -22.35     -38.37 
  2009      2     11     18     30      0      51.12      23.74     -15.37     -32.96 
  2009      2     11     19      0      0      46.69      23.62     -17.84     -32.99 
  2009      2     11     19     30      0      28.99      23.51       3.80     -19.82 
  2009      2     11     20      0      0      25.62      23.41       2.76     -12.69 
  2009      2     11     20     30      0      17.54      23.32       2.42     -28.14 
  2009      2     11     21      0      0       5.14      23.27       9.44     -23.37 
  2009      2     11     21     30      0      -6.79      23.22      10.56     -25.07 
  2009      2     11     22      0      0     -19.78      23.19       2.81      -6.42 
  2009      2     11     22     30      0     -31.90      23.17      -2.01      -8.36 
  2009      2     11     23      0      0     -47.87      23.18       3.22      -2.37 
  2009      2     11     23     30      0     -62.88      23.21      -4.47      -7.09 
  2009      2     12      0      0      0     -69.90      23.25      -1.96       3.52 
  2009      2     12      0     30      0     -69.90      23.31      -7.30       0.72 
  2009      2     12      1      0      0     -84.05      23.35      24.08     -26.51 
  2009      2     12      1     30      0     -90.59      23.35      27.16     -21.94 
  2009      2     12      2      0      0     -90.88      23.37      20.89      -4.18 
  2009      2     12      2     30      0     -83.28      23.38     -10.71      -7.13 
  2009      2     12      3      0      0     -72.69      23.37     -21.92     -19.96 
  2009      2     12      3     30      0     -60.96      23.33     -19.52     -19.21 
  2009      2     12      4      0      0     -46.33      23.22      -3.10       5.54 
  2009      2     12      4     30      0     -20.55      23.10      -7.09     -17.42 
  2009      2     12      5      0      0       1.77      23.00      -0.14     -19.15 
  2009      2     12      5     30      0      14.18      22.91       6.45       9.40 
  2009      2     12      6      0      0      28.90      22.82      27.16      48.96 
  2009      2     12      6     30      0      37.36      22.73      24.89      34.22 
  2009      2     12      7      0      0      42.75      22.64      23.70      40.64 
  2009      2     12      7     30      0      40.73      22.55      10.71      29.02 
  2009      2     12      8      0      0      32.55      22.48      24.14      23.02 
  2009      2     12      8     30      0      27.45      22.41      14.39      17.25 
  2009      2     12      9      0      0      18.79      22.37       7.98      32.56 
  2009      2     12      9     30      0      11.68      22.35       9.74      17.53 
  2009      2     12     10      0      0       0.90      22.33      -1.51       7.48 
  2009      2     12     10     30      0      -9.10      22.33       1.42     -28.33 
  2009      2     12     11      0      0     -21.80      22.33       2.60     -16.85 
  2009      2     12     11     30      0     -25.46      22.36      13.66      -4.19 
  2009      2     12     12      0      0     -36.90      22.41      13.12      45.21 
  2009      2     12     12     30      0     -38.44      22.43      23.10      33.60 
  2009      2     12     13      0      0     -46.81      22.48      11.05      49.01 
  2009      2     12     13     30      0     -53.36      22.56      27.16      -8.92 
  2009      2     12     14      0      0     -49.70      22.67      -2.48     -19.77 
  2009      2     12     14     30      0     -37.77      22.77       3.67     -28.83 
  2009      2     12     15      0      0     -34.31      22.92     -19.18     -16.59 
  2009      2     12     15     30      0     -22.28      23.08     -25.46     -22.15 
  2009      2     12     16      0      0      -6.60      23.29     -24.55      -0.64 
  2009      2     12     16     30      0      23.03      23.53      15.67      37.82 
  2009      2     12     17      0      0      41.98      23.78      11.50      14.25 
  2009      2     12     17     30      0      50.92      24.03      18.93       2.26 
  2009      2     12     18      0      0      59.00      24.21      11.80     -12.38 
  2009      2     12     18     30      0      65.83      24.37      -0.56     -10.36 
  2009      2     12     19      0      0      70.83      24.48     -11.71       2.82 
  2009      2     12     19     30      0      65.25      24.58      -8.36     -14.27 
  2009      2     12     20      0      0      54.19      24.71     -14.75     -10.49 
  2009      2     12     20     30      0      38.80      24.80     -11.37     -20.99 
  2009      2     12     21      0      0      29.76      24.86     -14.40     -14.01 
  2009      2     12     21     30      0      24.86      24.88     -23.09     -25.61 
  2009      2     12     22      0      0      23.51      24.87     -21.90     -19.20 
  2009      2     12     22     30      0       8.79      24.85     -27.78      -0.11 
  2009      2     12     23      0      0      -8.14      24.83     -16.37     -29.69 
  2009      2     12     23     30      0     -19.40      24.91     -14.68     -29.87 
  2009      2     13      0      0      0     -28.15      25.13     -23.93     -19.27 
  2009      2     13      0     30      0     -35.56      25.42     -18.43     -12.30 
  2009      2     13      1      0      0     -45.08      25.58     -36.23     -27.70 
  2009      2     13      1     30      0     -47.68      25.71     -23.06     -23.01 
  2009      2     13      2      0      0     -47.78      25.80     -26.66     -22.10 
  2009      2     13      2     30      0     -40.46      25.87     -32.94     -42.32 
  2009      2     13      3      0      0     -40.08      25.99     -36.23     -41.86 
  2009      2     13      3     30      0     -30.56      26.12     -36.23     -24.65 
  2009      2     13      4      0      0     -18.63      26.23     -36.23     -15.51 
  2009      2     13      4     30      0       5.04      26.32     -12.80     -26.52 
  2009      2     13      5      0      0      21.78      26.37      -7.61     -12.13 
  2009      2     13      5     30      0      37.55      26.41     -19.75     -19.20 
  2009      2     13      6      0      0      49.10      26.46     -20.32     -14.57 
  2009      2     13      6     30      0      56.21      26.50     -16.33     -19.11 
  2009      2     13      7      0      0      62.18      26.53     -10.88     -17.12 
  2009      2     13      7     30      0      58.33      26.57     -23.50     -17.91 
  2009      2     13      8      0      0      55.25      26.53     -19.97     -25.86 
  2009      2     13      8     30      0      47.65      26.22     -20.15     -26.48 
  2009      2     13      9      0      0      45.15      25.94     -11.16     -10.01 
  2009      2     13      9     30      0      39.00      25.74     -22.66     -21.34 
  2009      2     13     10      0      0      34.38      25.61      -8.29     -29.13 
  2009      2     13     10     30      0      23.51      25.51      -4.94     -14.72 
  2009      2     13     11      0      0      13.02      25.43     -26.06     -35.87 
  2009      2     13     11     30      0       6.77      25.42     -18.92     -28.46 
  2009      2     13     12      0      0      -1.60      25.45      -5.57     -27.06 
  2009      2     13     12     30      0      -6.02      25.46     -16.14     -24.64 
  2009      2     13     13      0      0     -11.31      25.50      -4.72     -41.71 
  2009      2     13     13     30      0     -14.78      25.63       7.95     -37.02 
  2009      2     13     14      0      0     -14.68      25.78     -27.97     -24.46 
  2009      2     13     14     30      0      -8.72      25.96     -20.58     -26.22 
  2009      2     13     15      0      0      -3.52      26.09     -17.82     -17.02 
  2009      2     13     15     30      0       3.21      26.19       6.01       0.60 
  2009      2     13     16      0      0      14.85      26.25       0.24      16.49 
  2009      2     13     16     30      0      32.74      26.24      -3.44      17.05 
  2009      2     13     17      0      0      50.83      26.22       0.82      19.85 
  2009      2     13     17     30      0      61.98      26.18      -9.66       0.95 
  2009      2     13     18      0      0      74.01      26.18      -6.88     -13.13 
  2009      2     13     18     30      0      84.59      26.20      -5.47     -13.96 
  2009      2     13     19      0      0      87.95      26.07      -7.51      -2.50 
  2009      2     13     19     30      0      88.63      25.86      -5.74     -14.62 
  2009      2     13     20      0      0      83.24      25.78       0.10     -12.79 
  2009      2     13     20     30      0      76.89      25.71      -8.11     -13.31 
  2009      2     13     21      0      0      66.22      25.72      -8.41     -16.56 
  2009      2     13     21     30      0      55.73      25.73     -10.10     -15.84 
  2009      2     13     22      0      0      41.98      25.84      -3.55     -10.71 
  2009      2     13     22     30      0      33.70      25.94     -16.30      -1.84 
  2009      2     13     23      0      0      24.57      25.85     -20.15     -21.94 
  2009      2     13     23     30      0      14.66      25.77     -18.41     -13.16 
  2009      2     14      0      0      0       2.54      25.72     -36.01     -19.51 
  2009      2     14      0     30      0      -8.62      25.75     -13.79      -6.97 
  2009      2     14      1      0      0     -13.82      25.84     -19.05     -11.04 
  2009      2     14      1     30      0     -20.74      25.98     -19.64      -6.10 
  2009      2     14      2      0      0     -16.51      26.13     -26.10     -20.03 
  2009      2     14      2     30      0     -16.61      26.25     -35.55      -9.19 
  2009      2     14      3      0      0     -12.28      26.35     -28.44     -14.51 
  2009      2     14      3     30      0      -4.48      26.40     -20.33      -6.27 
  2009      2     14      4      0      0      -3.04      26.38     -17.36      -6.15 
  2009      2     14      4     30      0      10.23      26.33      -0.05      -5.74 
  2009      2     14      5      0      0      22.55      26.21      -0.38      -3.60 
  2009      2     14      5     30      0      30.53      26.07     -14.99     -15.76 
  2009      2     14      6      0      0      41.40      25.91      -4.79       0.65 
  2009      2     14      6     30      0      46.02      25.76     -10.56       9.86 
  2009      2     14      7      0      0      51.02      25.68      -2.86       9.74 
  2009      2     14      7     30      0      49.67      25.68      -0.55       3.23 
  2009      2     14      8      0      0      49.48      25.72      -5.93      -4.55 
  2009      2     14      8     30      0      44.67      25.73      -4.30      -1.63 
  2009      2     14      9      0      0      38.23      25.71     -27.30     -25.05 
  2009      2     14      9     30      0      31.40      25.70      -6.34     -25.43 
  2009      2     14     10      0      0      23.70      25.68      -2.28      -6.64 
  2009      2     14     10     30      0      17.06      25.67     -15.09     -40.07 
  2009      2     14     11      0      0      11.48      25.69      -3.91     -33.29 
  2009      2     14     11     30      0       1.67      25.73     -31.53     -17.27 
  2009      2     14     12      0      0      -5.06      25.78      -5.38      -5.63 
  2009      2     14     12     30      0     -10.45      25.84     -10.76      23.16 
  2009      2     14     13      0      0     -18.53      25.88      -0.99      -8.49 
  2009      2     14     13     30      0     -24.88      25.89       0.97       8.81 
  2009      2     14     14      0      0     -31.71      25.89       1.88      47.14 
  2009      2     14     14     30      0     -31.71      25.90      -1.27       1.54 
  2009      2     14     15      0      0     -29.30      25.92      -6.28       5.12 
  2009      2     14     15     30      0     -27.00      25.92      12.48       4.07 
  2009      2     14     16      0      0     -20.45      25.92      14.96      24.92 
  2009      2     14     16     30      0      -5.93      25.92       9.15       0.57 
  2009      2     14     17      0      0       7.06      25.92     -12.85     -31.72 
  2009      2     14     17     30      0      22.64      25.92      -8.04     -16.41 
  2009      2     14     18      0      0      36.49      25.92     -11.86     -13.63 
  2009      2     14     18     30      0      47.17      25.92      -6.14      -6.69 
  2009      2     14     19      0      0      54.39      25.93      -2.95      -5.51 
  2009      2     14     19     30      0      55.35      25.97      -2.78      -7.27 
  2009      2     14     20      0      0      52.56      26.00      -0.75      -9.90 
  2009      2     14     20     30      0      49.77      26.03      -2.63     -13.25 
  2009      2     14     21      0      0      42.46      26.01     -11.72     -10.77 
  2009      2     14     21     30      0      34.28      26.00      -1.93      -5.09 
  2009      2     14     22      0      0      24.95      25.97      -0.45      16.32 
  2009      2     14     22     30      0      14.56      25.98      -6.24     -16.86 
  2009      2     14     23      0      0       4.75      26.00      -1.08      -5.61 
  2009      2     14     23     30      0       1.48      26.03      -0.72      24.19 
  2009      2     15      0      0      0     -12.76      26.06       4.30      13.92 
  2009      2     15      0     30      0     -13.72      26.09      -1.01      11.57 
  2009      2     15      1      0      0     -22.67      26.11      17.36      -5.60 
  2009      2     15      1     30      0     -21.61      26.12      22.71      32.15 
  2009      2     15      2      0      0     -26.61      26.14      23.76       6.58 
  2009      2     15      2     30      0     -28.15      26.17      18.64      27.27 
  2009      2     15      3      0      0     -24.21      26.17      -2.37      41.10 
  2009      2     15      3     30      0     -20.17      26.17       8.12      34.88 
  2009      2     15      4      0      0     -18.05      26.17      -1.17      -6.19 
  2009      2     15      4     30      0     -11.22      26.16      -6.11       0.98 
  2009      2     15      5      0      0      -1.98      26.16      -2.80      -6.95 
  2009      2     15      5     30      0       5.33      26.15     -17.93      -7.68 
  2009      2     15      6      0      0      18.22      26.14      -6.11      -9.70 
  2009      2     15      6     30      0      25.62      26.10      -6.59     -10.64 
  2009      2     15      7      0      0      28.61      26.03       0.89      -6.22 
  2009      2     15      7     30      0      27.93      26.00      -2.83     -20.23 
  2009      2     15      8      0      0      28.41      25.99      -8.72      -1.37 
  2009      2     15      8     30      0      22.84      26.01      -9.70     -15.24 
  2009      2     15      9      0      0      22.45      26.02      -5.28      -9.90 
  2009      2     15      9     30      0      12.64      26.03      -5.90      -6.48 
  2009      2     15     10      0      0       5.33      26.04     -16.64       1.15 
  2009      2     15     10     30      0      -1.12      26.05     -11.77      -5.30 
  2009      2     15     11      0      0      -5.35      26.07      -7.39      -6.01 
  2009      2     15     11     30      0      -9.29      26.09      -5.85      -4.20 
  2009      2     15     12      0      0     -15.26      26.09       9.47      -4.48 
  2009      2     15     12     30      0     -18.43      26.09      -4.12      -2.09 
  2009      2     15     13      0      0     -22.57      26.08      -0.84      -2.71 
  2009      2     15     13     30      0     -24.69      26.07       4.95      -7.71 
  2009      2     15     14      0      0     -30.75      26.06      -2.55       1.24 
  2009      2     15     14     30      0     -33.54      26.07      -9.33      18.02 
  2009      2     15     15      0      0     -35.46      26.07     -11.11      18.16 
  2009      2     15     15     30      0     -32.19      26.08       2.81      10.41 
  2009      2     15     16      0      0     -29.11      26.10      -6.44      -1.95 
  2009      2     15     16     30      0     -21.42      26.06     -11.94      21.82 
  2009      2     15     17      0      0     -14.78      25.95     -19.16      -7.31 
  2009      2     15     17     30      0      -4.10      25.86     -26.07       4.46 
  2009      2     15     18      0      0       6.19      25.83     -13.29     -13.03 
  2009      2     15     18     30      0      19.56      25.80     -13.45     -24.63 
  2009      2     15     19      0      0      29.18      25.80      -7.84     -15.57 
  2009      2     15     19     30      0      36.40      25.80      -2.38     -14.66 
  2009      2     15     20      0      0      36.11      25.80      -1.33       2.48 
  2009      2     15     20     30      0      35.15      25.81      -4.65     -14.93 
  2009      2     15     21      0      0      34.28      25.83      -4.91      -4.14 
  2009      2     15     21     30      0      28.80      25.86      -3.78      -6.92 
  2009      2     15     22      0      0      19.37      25.86     -14.30       0.69 
  2009      2     15     22     30      0       9.18      25.85       3.26     -12.60 
  2009      2     15     23      0      0       6.19      25.83     -28.09     -22.57 
  2009      2     15     23     30      0       0.23      25.81      -5.78     -24.12 
  2009      2     16      0      0      0      -9.10      25.80      -4.69     -13.22 
  2009      2     16      0     30      0     -12.76      25.77      -6.46      -1.10 
  2009      2     16      1      0      0     -12.76      25.74      -4.01      -1.30 
  2009      2     16      1     30      0     -15.16      25.73      -1.87       2.48 
  2009      2     16      2      0      0     -15.26      25.72      -1.70      -1.66 
  2009      2     16      2     30      0     -14.10      25.73     -10.62     -17.23 
  2009      2     16      3      0      0     -11.99      25.75       2.93       5.28 
  2009      2     16      3     30      0      -9.78      25.76      -6.86       1.76 
  2009      2     16      4      0      0      -8.72      25.77      -5.73      -2.64 
  2009      2     16      4     30      0      -1.50      25.78      -7.96       3.15 
  2009      2     16      5      0      0       2.15      25.80      -5.08      -2.91 
  2009      2     16      5     30      0       8.60      25.82      -9.10     -21.80 
  2009      2     16      6      0      0      14.47      25.84      -0.48      -6.02 
  2009      2     16      6     30      0      20.33      25.85     -15.22      -0.76 
  2009      2     16      7      0      0      23.70      25.85      -9.64      -3.36 
  2009      2     16      7     30      0      25.72      25.87     -10.56      -0.82 
  2009      2     16      8      0      0      23.32      25.87      -2.82      -5.02 
  2009      2     16      8     30      0      21.30      25.87       3.97       1.39 
  2009      2     16      9      0      0      19.76      25.86       0.39      -0.70 
  2009      2     16      9     30      0      15.62      25.86      -4.54      -2.91 
  2009      2     16     10      0      0      10.71      25.86      -1.67      -1.21 
  2009      2     16     10     30      0       1.29      25.86       3.27      -5.15 
  2009      2     16     11      0      0      -1.12      25.86       0.22      -0.02 
  2009      2     16     11     30      0      -3.72      25.87      -2.47      -0.03 
  2009      2     16     12      0      0      -3.33      25.88       0.59       0.13 
  2009      2     16     12     30      0      -8.62      25.89      -1.52       0.57 
  2009      2     16     13      0      0     -12.76      25.90      -0.26      -0.97 
  2009      2     16     13     30      0     -11.12      25.91       0.25       2.58 
  2009      2     16     14      0      0     -12.18      25.92      -1.56       4.66 
  2009      2     16     14     30      0     -14.49      25.92       3.83      40.70 
  2009      2     16     15      0      0     -18.05      25.94      -3.40      22.57 
  2009      2     16     15     30      0     -23.05      25.95       5.88      24.70 
